,username,time,star,comment,有效無效
0,b e r i t a l o v e e e,5   個 月 前,2,紅 油 炒 手 燃 麵   6 / 1 0   超 普 通  菜 單 上 有 兩 顆 辣 椒 🌶 ️ 🌶 ️ 但 完 全 ！ 不 會 辣 ！  辣 的 部 分 就 是 拌 辣 油 進 去   超 級 油 = =  餛 飩 外 皮 很 漂 亮   但 內 裡 感 覺 沒 熟 透   超 怪  總 之 整 間 很 普 通,1
1,W T   W T,4   週 前,5,老 實 說 是 因 為 巧 之 味 太 多 人 而 來 吃 的  意 外 發 現 蠻 好 吃 的 耶 ！ 尤 其 是 番 茄 湯 頭 很 濃 郁 、 鍋 貼 剛 起 鍋 很 酥 脆  會 想 再 來 的 餐 廳 ！,1
2,R o y   Y u a n,2   個 月 前,4,還 不 錯 吃  但 是  在 兩 家 名 店 附 近  而 且 其 中 一 家 餐 點 還 重 覆 😅 難 免 會 讓 人 覺 得 不 o k 😅,1
3,陳 立 翰,5   個 月 前,2,這 是 我 人 生 中 吃 過 最 油 的 鍋 貼  吃 完 一 顆 嘴 唇 周 圍 都 是 油  跟 老 闆 娘 反 應 她 表 示 一 直 以 來 都 是 這 樣 做 的  水 餃 還 行 所 以 多 給 一 顆 星 ！,1
4,簡 辰 恩,4   個 月 前,3,燙 青 菜 很 好 吃 ～ ～  水 餃 一 顆 6 . 5   物 價 好 高   生 活 不 易  酸 菜 白 肉 湯 餃 還 行   但 酸 味 不 太 夠   跟 我 想 像 的 不 同  蝦 仁 餛 飩 雲 吞 麵 湯 跟 麵 沒 什 麼 味 道   麵 是 普 通 的 白 麵  餛 飩 跟 水 餃 都 蠻 好 吃 的,1
5,陳 映 妤,6   個 月 前,3,點 餐 時 跟 店 員 說 桌 子 需 要 擦  擦 完  前 一 位 客 人 留 下 來 的 殘 渣 還 在 ！ ！  衛 生 不 行   酸 辣 湯 料 很 少  但 是 $ 3 0  鍋 貼 溫 溫 的  不 會 回 訪  但 是 快 速 吃 飯 還 算 方 便,1
6,2 1 7,1   週 前,2,隔 壁 人 太 多 來 這 間 吃 看 看   鍋 貼 酥 脆 但 偏 油 & 小  店 員 有 點 職 業 倦 怠  內 場 環 境   衛 生 觀 念 . .   不 用 等 是 最 大 優 點   但 下 次 我 會 選 擇 對 面 全 家 ,1
7,C h a n g   F o n g m i n g,2   個 月 前,4,很 多 餐 點 選 擇 ！  各 式 餐 點 都 有 一 定 水 準 可 以 試 試 ！,1
8,R e n   L i u,2   週 前,4,掌 廚 老 闆 與 帥 兒 子 勤 奮 做 生 意 。 可 惜 受 限 於 價 位 帶  餐 點 中 規 中 舉  稱 不 上 美 味  小 菜 新 鮮 度 普 普 。   適 合 迅 速 簡 單 裹 腹 。,1
9,S i m o n   P e i,7   個 月 前,2,鍋 貼 很 油  很 硬  吃 起 來 是 回 鍋 加 熱 的 。 不 推 薦,1
10,D a s h   W a n g,5   個 月 前,4,鍋 貼 、 炸 醬 麵 、 鮮 蝦 餛 飩 湯 都 好 吃 ！,1
11,C h a n g - H s u a n   H u a n g,3   年 前,3,因 為 巧 之 味 沒 開 所 以 來 吃 這 家  本 來 點 韓 式 辣 味 鍋 貼 但 老 闆 說 沒 了 只 好 換 成 韭 菜  食 物 味 道 都 還 不 錯 但 是 份 量 偏 小  C P 值 低  不 會 再 訪,1
12,B o k e y   W u,3   週 前,1,8 / 2 7   1 7 : 5 5 水 餃 掉 地 上  還 若 無 其 事 丟 回 去 煮  當 天 晚 上 用 餐 的 客 人 都 要 吃 這 樣 的 髒 水 煮 出 來 的 東 西 當 晚 餐  好 可 憐 喔  重 點 是 店 家 也 沒 有 道 歉  也 只 讓 我 們 退 水 餃 的 錢 …,1
13,楊 彩 琳,2   年 前,3,鍋 貼 不 錯 吃 ～ 麻 醬 麵 一 般 但 味 道 滿 夠 的 ⋯  目 前 沒 有 防 疫 的 措 施 和 隔 板 ⋯ 小 菜 也 沒 有 門 或 是 蓋 子 隔 絕 起 來 ⋯ 人 多 的 時 候 滿 可 怕 的 😱,1
14,小 桃 媽 咪,2   年 前,4,小 孩 最 愛 玉 米 濃 湯 餃  玉 米 濃 湯 好 喝 濃 郁  酸 辣 湯 麵 份 量 十 足  酸 辣 湯 小 辣 好 喝  3 種 口 味 的 鍋 貼 都 不 錯 吃  尤 其 推 薦 宜 蘭 韭 菜 鍋 貼  鮮 肉 抄 手 麵 微 辣  抄 手 好 吃  鱈 魚 丸 湯 表 現 也 不 錯  整 體 來 說  餐 點 表 現 中 規 中 矩 都 有 到 位  而 且 可 以 多 元 支 付  滿 推 薦 排 不 到 巧 之 味 可 以 來 試 試   👍,1
15,蔡 昭 宏,1   年 前,3,經 過 若 干 年 之 後  剛 好 有 機 會 再 回 來 這 家 店  也 許 是 我 個 人 的 因 素  已 沒 有 當 年 第 一 次 進 來 這 家 店  吃 到 第 一 口 那 麼 驚 艷 了 。  隨 著 年 紀 大 了  走 過 青 山 萬 水  行 過 五 湖 四 海  看 的 人 事 物 也 多 了  一 切 只 求 個 溫 飽  這 樣 的 幸 福 也 就 夠 了 。,1
16,W i l l y   L e o u,1   年 前,4,臺 北 商 業 大 學 附 近 的 小 吃 店  麵 條 可 選 寬 細  適 合 學 生 族 前 來 用 餐 。 。 。,1
17,C H U N G   l u n   W u,6   個 月 前,4,鍋 貼 好 吃  皮 薄 底 部 煎 的 脆 脆 香 香 的 。  抄 手 麵 一 般,1
18,B a b e l   C h a n g,2   年 前,3,不 管 細 麵 寬 麵 條 都 不 錯 吃  口 感 Q 彈   高 麗 菜 水 餃 麵 皮 餡 料 不 輸 隔 壁  可 惜 餡 料 少 了 點  鍋 貼 煎 得 也 不 錯  整 體 口 味 偏 甜 一 些  其 他 普 通 。,1
19,W h i m s i c a l   L e n a,8   個 月 前,4,鍋 貼 真 的 很 專 業  玉 米 濃 湯 普 通,1
20,D a s h   W a n g,5   個 月 前,4,鍋 貼 、 炸 醬 麵 、 鮮 蝦 餛 飩 湯 都 好 吃 ！,1
21,C h a n g - H s u a n   H u a n g,3   年 前,3,因 為 巧 之 味 沒 開 所 以 來 吃 這 家  本 來 點 韓 式 辣 味 鍋 貼 但 老 闆 說 沒 了 只 好 換 成 韭 菜  食 物 味 道 都 還 不 錯 但 是 份 量 偏 小  C P 值 低  不 會 再 訪,1
22,B o k e y   W u,3   週 前,1,8 / 2 7   1 7 : 5 5 水 餃 掉 地 上  還 若 無 其 事 丟 回 去 煮  當 天 晚 上 用 餐 的 客 人 都 要 吃 這 樣 的 髒 水 煮 出 來 的 東 西 當 晚 餐  好 可 憐 喔  重 點 是 店 家 也 沒 有 道 歉  也 只 讓 我 們 退 水 餃 的 錢 …,1
23,楊 彩 琳,2   年 前,3,鍋 貼 不 錯 吃 ～ 麻 醬 麵 一 般 但 味 道 滿 夠 的 ⋯  目 前 沒 有 防 疫 的 措 施 和 隔 板 ⋯ 小 菜 也 沒 有 門 或 是 蓋 子 隔 絕 起 來 ⋯ 人 多 的 時 候 滿 可 怕 的 😱,1
24,小 桃 媽 咪,2   年 前,4,小 孩 最 愛 玉 米 濃 湯 餃  玉 米 濃 湯 好 喝 濃 郁  酸 辣 湯 麵 份 量 十 足  酸 辣 湯 小 辣 好 喝  3 種 口 味 的 鍋 貼 都 不 錯 吃  尤 其 推 薦 宜 蘭 韭 菜 鍋 貼  鮮 肉 抄 手 麵 微 辣  抄 手 好 吃  鱈 魚 丸 湯 表 現 也 不 錯  整 體 來 說  餐 點 表 現 中 規 中 矩 都 有 到 位  而 且 可 以 多 元 支 付  滿 推 薦 排 不 到 巧 之 味 可 以 來 試 試   👍,1
25,蔡 昭 宏,1   年 前,3,經 過 若 干 年 之 後  剛 好 有 機 會 再 回 來 這 家 店  也 許 是 我 個 人 的 因 素  已 沒 有 當 年 第 一 次 進 來 這 家 店  吃 到 第 一 口 那 麼 驚 艷 了 。  隨 著 年 紀 大 了  走 過 青 山 萬 水  行 過 五 湖 四 海  看 的 人 事 物 也 多 了  一 切 只 求 個 溫 飽  這 樣 的 幸 福 也 就 夠 了 。,1
26,W i l l y   L e o u,1   年 前,4,臺 北 商 業 大 學 附 近 的 小 吃 店  麵 條 可 選 寬 細  適 合 學 生 族 前 來 用 餐 。 。 。,1
27,C H U N G   l u n   W u,6   個 月 前,4,鍋 貼 好 吃  皮 薄 底 部 煎 的 脆 脆 香 香 的 。  抄 手 麵 一 般,1
28,B a b e l   C h a n g,2   年 前,3,不 管 細 麵 寬 麵 條 都 不 錯 吃  口 感 Q 彈   高 麗 菜 水 餃 麵 皮 餡 料 不 輸 隔 壁  可 惜 餡 料 少 了 點  鍋 貼 煎 得 也 不 錯  整 體 口 味 偏 甜 一 些  其 他 普 通 。,1
29,W h i m s i c a l   L e n a,8   個 月 前,4,鍋 貼 真 的 很 專 業  玉 米 濃 湯 普 通,1
30,C   Y   W a n g,4   個 月 前,5,推 鮮 蝦 紅 油 抄 手  好 吃 油 很 香  不 會 很 辣 。 有 賣 冷 凍 水 餃 可 以 買 回 家 自 己 煮  湯 很 大 碗 超 滿 足 。,1
31,N e w   C h e n,6   個 月 前,4,來 鍋 貼 麵 店   點 飯 吃   😁  1 0 0 元 的 飯   肉 量 充 足   鍋 貼 滿 好 吃 的 欸   芝 麻 麵 普 通  小 心 被 汁 噴 到,1
32,太 空 搜,4   個 月 前,1,想 吃 剛 出 爐 熱 熱 又 有 脆 脆 的 皮 的 鍋 貼  端 上 來 是 冷 的 ？ ？ 咬 起 來 都 已 經 軟 爛 了  又 很 油  好 久 沒 吃 到 這 麼 難 吃 的 鍋 貼  很 後 悔 。 以 後 還 是 乖 乖 去 隔 壁 排 隊 吧 … .,1
33,柳 浪,1   年 前,5,昨 天 原 本 要 吃 餃 子 的  意 外 發 現 這 間 餐 廳 ~   乾 麵 讓 我 想 起 小 時 候 古 早 味  鍋 貼 也 很 酥 脆 。,1
34,J e n n y   L i a n g,5   年 前,4,老 北 京 炸 醬 麵 醬 料 獨 特 、 麵 條 Q 彈 可 口 ； 鮮 蝦 雲 吞 湯 普 通 ； 鍋 貼 外 皮 煎 的 酥 脆 好 吃 ； 肉 燥 飯 不 會 太 過 油 膩  小 菜 不 錯 。,1
35,J e r r y   L e e,4   年 前,4,連 鎖 的 傳 統 小 吃 店  口 味 不 錯 好 吃  番 茄 肉 醬 麵 的 口 味 好 吃  酸 酸 甜 甜 的  價 格 普 通 還 可 以  店 內 環 境 明 亮 。  A   t r a d i t i o n a l   d i n e r .   T h e   f o o d s   h e r e   t a s t e   g o o d   a n d   d e l i c i o u s    n i c e   t a s t e   o f   t o m a t o   s a u c e   n o o d l e s    m i x e d   w i t h   s o u r   a n d   s w e e t   f l a v o r .   T h e   p r i c e   i s   f a i r .   T h e   e n v i r o n m e n t   i s   b r i g h t   a n d   c l e a n .,1
36,p,5   個 月 前,5,北 商 學 餐 沒 了 之 後 我 下 班 都 衝 來 這 邊 買 晚 餐  店 員 態 度 都 很 好 出 餐 速 度 快 💞  鍋 貼 跟 酸 辣 湯 真 的 是 所 有 連 鎖 店 中 最 頂 的  很 常 蔥 油 拌 麵 或 是 鍋 貼 配 酸 辣 湯  很 香 皮 酥 酥 的 很 好 吃 🙋 🏻 \u200d ♀ ️  酸 辣 湯 料 超 多   味 道 都 調 的 很 剛 好  愛 吃 到 公 司 外 送 也 訂 這 家,1
37,C   H,1   年 前,4,老 北 京 酢 醬 麵 的 麵 體 是 寬 麵  麵 份 量 對 於 女 性 剛 好  醬 不 會 太 淡 或 太 鹹  燙 青 菜 味 道 也 適 中  不 會 太 油  推 薦 程 度 ： 麻 婆 豆 腐 麵 、 紅 油 抄 手 麵 、 老 北 京 炸 醬 麵 、 燙 青 菜 > 鍋 貼 水 餃 > 豬 五 花 飯 > 古 早 味 肉 臊 乾 麵,1
38,t o n y   M,2   年 前,4,不 錯 吃  1 0 個 鍋 貼  一 碗 酸 辣 湯  一 碟 辣 豆 芽  一 碟 燙 青 菜 合 計 1 6 0 元 左 右 。 價 格 實 惠 。 可 吃 啊 ！ 豆 芽 蠻 辣 的  影 響 吃 主 食 的 口 感 。 哈 ！,1
39,娜 娜,1   年 前,5,鍋 貼 不 小 顆  油 一 點  味 道 還 行  酸 辣 湯 酸 而 不 辣  不 會 很 小 碗  o k  鮮 蝦 餛 飩 麵  蝦 子 大 顆 醃 過 脆 的  湯 頭 真 的 沒 味 道  麵 份 量 很 多  店 裡 冷 氣 不 夠 吃 的 熱  可 賴 配   五 星,1
40,C   Y   W a n g,4   個 月 前,5,推 鮮 蝦 紅 油 抄 手  好 吃 油 很 香  不 會 很 辣 。 有 賣 冷 凍 水 餃 可 以 買 回 家 自 己 煮  湯 很 大 碗 超 滿 足 。,1
41,N e w   C h e n,6   個 月 前,4,來 鍋 貼 麵 店   點 飯 吃   😁  1 0 0 元 的 飯   肉 量 充 足   鍋 貼 滿 好 吃 的 欸   芝 麻 麵 普 通  小 心 被 汁 噴 到,1
42,太 空 搜,4   個 月 前,1,想 吃 剛 出 爐 熱 熱 又 有 脆 脆 的 皮 的 鍋 貼  端 上 來 是 冷 的 ？ ？ 咬 起 來 都 已 經 軟 爛 了  又 很 油  好 久 沒 吃 到 這 麼 難 吃 的 鍋 貼  很 後 悔 。 以 後 還 是 乖 乖 去 隔 壁 排 隊 吧 … .,1
43,柳 浪,1   年 前,5,昨 天 原 本 要 吃 餃 子 的  意 外 發 現 這 間 餐 廳 ~   乾 麵 讓 我 想 起 小 時 候 古 早 味  鍋 貼 也 很 酥 脆 。,1
44,J e n n y   L i a n g,5   年 前,4,老 北 京 炸 醬 麵 醬 料 獨 特 、 麵 條 Q 彈 可 口 ； 鮮 蝦 雲 吞 湯 普 通 ； 鍋 貼 外 皮 煎 的 酥 脆 好 吃 ； 肉 燥 飯 不 會 太 過 油 膩  小 菜 不 錯 。,1
45,J e r r y   L e e,4   年 前,4,連 鎖 的 傳 統 小 吃 店  口 味 不 錯 好 吃  番 茄 肉 醬 麵 的 口 味 好 吃  酸 酸 甜 甜 的  價 格 普 通 還 可 以  店 內 環 境 明 亮 。  A   t r a d i t i o n a l   d i n e r .   T h e   f o o d s   h e r e   t a s t e   g o o d   a n d   d e l i c i o u s    n i c e   t a s t e   o f   t o m a t o   s a u c e   n o o d l e s    m i x e d   w i t h   s o u r   a n d   s w e e t   f l a v o r .   T h e   p r i c e   i s   f a i r .   T h e   e n v i r o n m e n t   i s   b r i g h t   a n d   c l e a n .,1
46,p,5   個 月 前,5,北 商 學 餐 沒 了 之 後 我 下 班 都 衝 來 這 邊 買 晚 餐  店 員 態 度 都 很 好 出 餐 速 度 快 💞  鍋 貼 跟 酸 辣 湯 真 的 是 所 有 連 鎖 店 中 最 頂 的  很 常 蔥 油 拌 麵 或 是 鍋 貼 配 酸 辣 湯  很 香 皮 酥 酥 的 很 好 吃 🙋 🏻 \u200d ♀ ️  酸 辣 湯 料 超 多   味 道 都 調 的 很 剛 好  愛 吃 到 公 司 外 送 也 訂 這 家,1
47,C   H,1   年 前,4,老 北 京 酢 醬 麵 的 麵 體 是 寬 麵  麵 份 量 對 於 女 性 剛 好  醬 不 會 太 淡 或 太 鹹  燙 青 菜 味 道 也 適 中  不 會 太 油  推 薦 程 度 ： 麻 婆 豆 腐 麵 、 紅 油 抄 手 麵 、 老 北 京 炸 醬 麵 、 燙 青 菜 > 鍋 貼 水 餃 > 豬 五 花 飯 > 古 早 味 肉 臊 乾 麵,1
48,t o n y   M,2   年 前,4,不 錯 吃  1 0 個 鍋 貼  一 碗 酸 辣 湯  一 碟 辣 豆 芽  一 碟 燙 青 菜 合 計 1 6 0 元 左 右 。 價 格 實 惠 。 可 吃 啊 ！ 豆 芽 蠻 辣 的  影 響 吃 主 食 的 口 感 。 哈 ！,1
49,娜 娜,1   年 前,5,鍋 貼 不 小 顆  油 一 點  味 道 還 行  酸 辣 湯 酸 而 不 辣  不 會 很 小 碗  o k  鮮 蝦 餛 飩 麵  蝦 子 大 顆 醃 過 脆 的  湯 頭 真 的 沒 味 道  麵 份 量 很 多  店 裡 冷 氣 不 夠 吃 的 熱  可 賴 配   五 星,1
50,V i n a   W a n g,9   個 月 前,4,因 為 隔 壁 沒 開 來 吃  鍋 貼 水 餃 普 普  隔 壁 小 菜 好 像 比 較 好 吃,1
51,湘,1   年 前,3,丼 飯 普 通  肉 給 很 多 、 肉 質 偏 油 ⋯ 整 碗 都 是 肉 和 飯 、 沒 有 菜 有 點 空 虛 ⋯  這 個 價 錢 吃 到 這 樣 的 丼 飯 有 點 失 望,1
52,U   L i n,1   個 月 前,4,強 烈 建 議 直 接 一 碗 老 虎 麵 + 5 顆 韭 菜 鍋 貼 一 個 s e t  舒 服,1
53,H a o   H u a n g,5   個 月 前,3,店 員 態 度 冷 淡 ～  鍋 貼 很 油  外 皮 偏 硬  第 三 顆 星 給 玉 米 濃 湯 還 不 錯 喝,1
54,卓 玉 婷,3   年 前,3,雲 南 韭 菜 水 餃 好 吃  蕃 茄 肉 醬 麵 好 吃  鍋 貼 很 普 通  沒 賣 相 沒 口 感  丼 飯 也 不 好 吃  員 工 服 務 態 度 很 差  全 程 臭 臉,1
55,5   8 0 6,1   年 前,3,環 境 跟 品 質 一 般 般  煎 餃 放 糊 了  通 常 是 沒 耐 性 排 隔 壁 的 時 候 會 來 的 店,1
56,M i c h a e l   W e i,1   年 前,4,牛 肉 麵 好 吃 美 味  小 菜 每 樣 都 好 好 吃 必 點  老 闆 自 己 做 的 湖 南 臘 肉 超 讚,1
57,N   C,1   年 前,4,紅 油 抄 手 $ 7 0 。 一 碗 七 顆 抄 手  屬 於 辣 油 放 底 部  想 多 辣 自 己 拌 的 派 別  全 拌 了 辣 度 也 不 會 大 汗 淋 漓  秀 氣 的 那 種 辣  外 加 一 點 點 麻 ； 雖 說 7 0 稍 貴  但 內 用 有 冷 氣 、 新 聞 可 看  可 接 受 。,1
58,U P   C H E N    U P ,1   年 前,5,可 內 用 有 遮 風 避 雨 的 好 去 處 ～  高 麗 菜 水 餃 大 顆 好 吃 ！ 鍋 貼 吃 起 來 較 油  蔥 油 麵 、 鮮 蝦 雲 吞 好 吃 ！  青 菜 湯 調 味 較 鹹  可 使 用 l i n e   p a y 👍,1
59,T i n a   W a n g,3   年 前,4,鍋 貼 不 錯  紅 油 抄 手 不 辣 耶  但 是 醬 沾 鍋 貼 很 好 吃 。 桌 上 附 的 辣 椒 很 死 鹹 不 好 吃,1
60,V i n a   W a n g,9   個 月 前,4,因 為 隔 壁 沒 開 來 吃  鍋 貼 水 餃 普 普  隔 壁 小 菜 好 像 比 較 好 吃,1
61,湘,1   年 前,3,丼 飯 普 通  肉 給 很 多 、 肉 質 偏 油 ⋯ 整 碗 都 是 肉 和 飯 、 沒 有 菜 有 點 空 虛 ⋯  這 個 價 錢 吃 到 這 樣 的 丼 飯 有 點 失 望,1
62,U   L i n,1   個 月 前,4,強 烈 建 議 直 接 一 碗 老 虎 麵 + 5 顆 韭 菜 鍋 貼 一 個 s e t  舒 服,1
63,H a o   H u a n g,5   個 月 前,3,店 員 態 度 冷 淡 ～  鍋 貼 很 油  外 皮 偏 硬  第 三 顆 星 給 玉 米 濃 湯 還 不 錯 喝,1
64,卓 玉 婷,3   年 前,3,雲 南 韭 菜 水 餃 好 吃  蕃 茄 肉 醬 麵 好 吃  鍋 貼 很 普 通  沒 賣 相 沒 口 感  丼 飯 也 不 好 吃  員 工 服 務 態 度 很 差  全 程 臭 臉,1
65,5   8 0 6,1   年 前,3,環 境 跟 品 質 一 般 般  煎 餃 放 糊 了  通 常 是 沒 耐 性 排 隔 壁 的 時 候 會 來 的 店,1
66,M i c h a e l   W e i,1   年 前,4,牛 肉 麵 好 吃 美 味  小 菜 每 樣 都 好 好 吃 必 點  老 闆 自 己 做 的 湖 南 臘 肉 超 讚,1
67,N   C,1   年 前,4,紅 油 抄 手 $ 7 0 。 一 碗 七 顆 抄 手  屬 於 辣 油 放 底 部  想 多 辣 自 己 拌 的 派 別  全 拌 了 辣 度 也 不 會 大 汗 淋 漓  秀 氣 的 那 種 辣  外 加 一 點 點 麻 ； 雖 說 7 0 稍 貴  但 內 用 有 冷 氣 、 新 聞 可 看  可 接 受 。,1
68,U P   C H E N    U P ,1   年 前,5,可 內 用 有 遮 風 避 雨 的 好 去 處 ～  高 麗 菜 水 餃 大 顆 好 吃 ！ 鍋 貼 吃 起 來 較 油  蔥 油 麵 、 鮮 蝦 雲 吞 好 吃 ！  青 菜 湯 調 味 較 鹹  可 使 用 l i n e   p a y 👍,1
69,T i n a   W a n g,3   年 前,4,鍋 貼 不 錯  紅 油 抄 手 不 辣 耶  但 是 醬 沾 鍋 貼 很 好 吃 。 桌 上 附 的 辣 椒 很 死 鹹 不 好 吃,1
70,李 沒 藥,4   個 月 前,5,酸 白 菜 牛 五 花 我 吃 到 見 碗 底  酢 醬 麵 到 地 好 吃  鍋 貼 香 酥 肉 嫩  韮 菜 餃 子 皮 薄 透 亮 好 看 又 好 吃  青 菜 湯 青 菜 給 的 大 方 好 喝 。,1
71,王 小 明,6   個 月 前,1,菜 單 還 沒 劃 好 就 跑 來 催 、 餐 具 油 膩 沒 洗 乾 淨 、 廚 房 人 員 口 罩 戴 下 巴 、 餐 點 菜 單 都 用 摔 的 。 環 境 衛 生 、 服 務 態 度 、 餐 點 品 質 都 令 人 堪 憂  不 會 再 二 訪 。,1
72,福 吉 米,2   個 月 前,5,鍋 貼 好 吃  青 菜 湯 青 菜 多  不 吝 嗇  常 去 吃  很 棒 的 一 家 店 ！ ！,1
73,v i v i a n,5   個 月 前,1,冷 的 鍋 貼 硬 要 說 剛 煎 起 來 的  一 口 下 去 溫 軟 爛  非 常 難 吃  才 吃 一 口 反 應 真 的 不 行 是 溫 軟 爛 的  店 員 整 個 收 走  直 接 退 我 錢  是 一 家 不 太 缺 客 人 的 店,1
74,O t a k u   X a v i e r,4   年 前,5,鍋 貼 有 種 花 生 般 的 香 氣   炸 醬 麵 也 很 好 吃,1
75,L i n 皓 皓,5   個 月 前,5,推 薦 水 餃 好 吃  醬 汁 也 很 不 錯  鍋 貼 則 是 太 油 了  玉 米 濃 湯 便 宜 好 喝  整 體 而 言 是 不 錯 的,1
76,我 餓 F o o d i e,2   年 前,5,味 道 非 常 好 吃 ！ 牛 肉 飯 男 友 一 直 稱 讚 ！  來 台 北 一 定 要 試 試 看 ！  環 境 衛 生 很 乾 淨 ！  服 務 也 非 常 優 異 ♥ ️,1
77,G i n n y,1   年 前,4,麻 婆 豆 腐 飯 好 適 合 冷 冷 的 冬 天 。  高 麗 菜 新 鮮 好 吃 ～ 雲 吞 超 讚 ！,1
78,S   I U,6   年 前,3,老 北 京 酢 醬 麵  店 家 稱 麵 條 是 拉 麵  比 家 常 麵 薄 而 寬  麵 條 太 軟  若 能 有 嚼 勁 點 更 好  酢 醬 稍 油 且 微 甜 。 青 菜 湯  湯 鮮 而 清 爽  但 莧 菜 梗 有 點 老 。 店 內 明 亮 乾 淨  用 餐 時 間 人 多 。,1
79,M a r k   C h a n g,6   個 月 前,3,換 老 闆 後  這 幾 次 用 餐 感 受  用 餐 環 境 變 得 比 較 骯 髒  味 道 我 自 己 覺 得 有 變 一 點 但 可 接 受  希 望 店 家 能 加 強 一 下 用 餐 環 境 衛 生,1
80,李 沒 藥,4   個 月 前,5,酸 白 菜 牛 五 花 我 吃 到 見 碗 底  酢 醬 麵 到 地 好 吃  鍋 貼 香 酥 肉 嫩  韮 菜 餃 子 皮 薄 透 亮 好 看 又 好 吃  青 菜 湯 青 菜 給 的 大 方 好 喝 。,1
81,王 小 明,6   個 月 前,1,菜 單 還 沒 劃 好 就 跑 來 催 、 餐 具 油 膩 沒 洗 乾 淨 、 廚 房 人 員 口 罩 戴 下 巴 、 餐 點 菜 單 都 用 摔 的 。 環 境 衛 生 、 服 務 態 度 、 餐 點 品 質 都 令 人 堪 憂  不 會 再 二 訪 。,1
82,福 吉 米,2   個 月 前,5,鍋 貼 好 吃  青 菜 湯 青 菜 多  不 吝 嗇  常 去 吃  很 棒 的 一 家 店 ！ ！,1
83,v i v i a n,5   個 月 前,1,冷 的 鍋 貼 硬 要 說 剛 煎 起 來 的  一 口 下 去 溫 軟 爛  非 常 難 吃  才 吃 一 口 反 應 真 的 不 行 是 溫 軟 爛 的  店 員 整 個 收 走  直 接 退 我 錢  是 一 家 不 太 缺 客 人 的 店,1
84,O t a k u   X a v i e r,4   年 前,5,鍋 貼 有 種 花 生 般 的 香 氣   炸 醬 麵 也 很 好 吃,1
85,L i n 皓 皓,5   個 月 前,5,推 薦 水 餃 好 吃  醬 汁 也 很 不 錯  鍋 貼 則 是 太 油 了  玉 米 濃 湯 便 宜 好 喝  整 體 而 言 是 不 錯 的,1
86,我 餓 F o o d i e,2   年 前,5,味 道 非 常 好 吃 ！ 牛 肉 飯 男 友 一 直 稱 讚 ！  來 台 北 一 定 要 試 試 看 ！  環 境 衛 生 很 乾 淨 ！  服 務 也 非 常 優 異 ♥ ️,1
87,G i n n y,1   年 前,4,麻 婆 豆 腐 飯 好 適 合 冷 冷 的 冬 天 。  高 麗 菜 新 鮮 好 吃 ～ 雲 吞 超 讚 ！,1
88,S   I U,6   年 前,3,老 北 京 酢 醬 麵  店 家 稱 麵 條 是 拉 麵  比 家 常 麵 薄 而 寬  麵 條 太 軟  若 能 有 嚼 勁 點 更 好  酢 醬 稍 油 且 微 甜 。 青 菜 湯  湯 鮮 而 清 爽  但 莧 菜 梗 有 點 老 。 店 內 明 亮 乾 淨  用 餐 時 間 人 多 。,1
89,M a r k   C h a n g,6   個 月 前,3,換 老 闆 後  這 幾 次 用 餐 感 受  用 餐 環 境 變 得 比 較 骯 髒  味 道 我 自 己 覺 得 有 變 一 點 但 可 接 受  希 望 店 家 能 加 強 一 下 用 餐 環 境 衛 生,1
90,P O   Z h e n g,7   個 月 前,1,只 點 了 一 碗 酸 辣 麵 就 需 要 等 半 個 多 小 時  拿 回 來 吃 的 時 候 發 現 麵 都 結 成 一 團 了 ！ 還 是 攪 不 開 的 那 種 ！ 要 是 只 有 這 樣 也 就 算 了  畢 竟 還 是 可 以 吃  但 是 把 麵 分 開 之 後 麵 心 居 然 都 沒 有 透  而 且 是 幾 乎 都 沒 有 煮 透  這 樣 子 居 然 還 要 我 等 半 小 時 ？ 你 還 不 如 直 接 把 生 麵 團 丟 出 來 叫 我 回 去 自 己 煮  這 樣 至 少 是 煮 熟 的  絕 對 不 推 這 間 店  下 次 也 不 會 再 去 吃 了 。,1
91,R e g i n a   I,1 0   個 月 前,4,鍋 貼 很 不 錯  現 點 現 煎  味 道 鮮 美  肉 餡 也 沒 有 吃 到 碎 骨 頭  很 棒 。 酸 辣 湯 很 大 碗  應 該 是 老 闆 娘 的 人 很 熱 情  鍋 貼 的 火 候 煎 的 剛 剛 好  缺 點 是 店 內 的 桌 子 明 明 有 清 理 過 卻 黏 黏 的,1
92,楊 文 達,3   年 前,3,炸 醬 麵 一 流  座 位 環 境 略 差  工 作 人 員 大 聲 叫 喊 ： 燒 呦 ！ 影 響 食 慾  太 大 聲 又 頻 繁,1
93,Y u n .   L,3   年 前,1,原 本 是 真 心 喜 歡 貴 餐 館 的 餐 點  但 同 事 在 今 天 U b e r   e a t s 送 來 的 餐 點 中 發 現 蟲  致 電 貴 店 並 未 得 到 良 善 的 後 續 處 理 。 不 僅 未 感 受 到 店 家 對 客 戶 的 擔 憂 有 一 絲 關 心 的 誠 意  一 切 經 過 更 讓 我 對 長 期 支 持 的 店 家 感 到 極 度 失 望 ！   電 話 裡 貴 店 人 員 表 示 不 可 能 是 蛆  那 是 菜 蟲 ！  可 是 味 香 ～ 那 是 碗 雙 醬 麵 啊 ！ 一 根 菜 芽 都 沒 有 的 呀 ！ 想 到 今 天 午 間 赴 店 用 餐 的 客 人 們  也 都 默 默 的 吃 下 小 蛆 熬 煮 而 成 的 營 養 高 湯  忍 不 住 閉 上 眼 睛 告 訴 自 己 要 p e a c e . . .   或 許 貴 店 生 意 興 隆 不 缺 我 們 公 司 寥 寥 可 數 的 幾 張 小 口  但 現 代 人 就 是 嬌 嫩  媽 媽 又 忘 記 生 給 我 一 顆 鐵 打 的 胃  吃 飯 就 怕 吃 進 不 應 存 在 一 般 人 體 內 的 物 質 或 物 種 。 我 們 老 闆 總 說 公 司 最 重 要 的 就 是 良 心 和 誠 信  我 都 有 記 著 。 當 然  賺 錢 很 重 要  但 做 生 意 的 良 知 更 值 得 重 視 ！ 共 勉 之 🙂,1
94,白 翊 妡,5   個 月 前,1,超 難 吃  鍋 貼 超 油  味 道 不 佳  玉 米 湯 也 不 行  想 吃 鍋 貼 還 是 首 選 八 方,1
95,方 俊 凱,2   年 前,5,水 餃 意 外 地 好 吃  鮮 蝦 餛 飩 湯 也 很 不 錯 。 小 菜 麻 油 豬 肝 很 不 錯 喔 ！,1
96,w e n g   a m y,4   年 前,3,牛 肉 飯 的 牛 肉 好 吃  煮 的 夠 軟 ～  但 附 送 的 小 菜  照 片 的 量 少  已 被 吃 掉 3 / 2   比 較 虛 是 口 味 有 點 怪  湯 o k,1
97,D e a r   J o h n,3   年 前,4,鍋 貼 底 部 比 較 乾 、 脆  口 感 會 想 到 煎 餃 。 韭 黃 味 並 不 重  服 務 親 切 。,1
98,李 維 恩,3   年 前,1,鍋 貼 超 薄 . . .  湯 麵 的 湯 頭 是 白 開 水 加 胡 椒 鹽  真 的 後 悔 沒 去 吃 巧 之 味  八 方 都 比 這 家 好 吃  C P 值 直 搗 地 心 的 低,1
99,T i n g,5   年 前,4,很 愛 的 老 味 道  滷 肉 飯 ！  在 台 北 好 難 找 到 古 早 味 的 滷 肉 飯   這 家 已 經 可 以 讓 我 懷 念   味 蕾 打 開 ！  隔 壁 的 排 隊 人 龍  常 常 讓 人 等 的 好 餓 ！  這 家  變 成 我 的 日 常 選 擇 ！  選 擇 多 樣 化   水 餃   煎 餃   麵 類   飯 類   小 菜   湯 品  價 格 合 理 ！,1
100,P O   Z h e n g,7   個 月 前,1,只 點 了 一 碗 酸 辣 麵 就 需 要 等 半 個 多 小 時  拿 回 來 吃 的 時 候 發 現 麵 都 結 成 一 團 了 ！ 還 是 攪 不 開 的 那 種 ！ 要 是 只 有 這 樣 也 就 算 了  畢 竟 還 是 可 以 吃  但 是 把 麵 分 開 之 後 麵 心 居 然 都 沒 有 透  而 且 是 幾 乎 都 沒 有 煮 透  這 樣 子 居 然 還 要 我 等 半 小 時 ？ 你 還 不 如 直 接 把 生 麵 團 丟 出 來 叫 我 回 去 自 己 煮  這 樣 至 少 是 煮 熟 的  絕 對 不 推 這 間 店  下 次 也 不 會 再 去 吃 了 。,1
101,R e g i n a   I,1 0   個 月 前,4,鍋 貼 很 不 錯  現 點 現 煎  味 道 鮮 美  肉 餡 也 沒 有 吃 到 碎 骨 頭  很 棒 。 酸 辣 湯 很 大 碗  應 該 是 老 闆 娘 的 人 很 熱 情  鍋 貼 的 火 候 煎 的 剛 剛 好  缺 點 是 店 內 的 桌 子 明 明 有 清 理 過 卻 黏 黏 的,1
102,楊 文 達,3   年 前,3,炸 醬 麵 一 流  座 位 環 境 略 差  工 作 人 員 大 聲 叫 喊 ： 燒 呦 ！ 影 響 食 慾  太 大 聲 又 頻 繁,1
103,Y u n .   L,3   年 前,1,原 本 是 真 心 喜 歡 貴 餐 館 的 餐 點  但 同 事 在 今 天 U b e r   e a t s 送 來 的 餐 點 中 發 現 蟲  致 電 貴 店 並 未 得 到 良 善 的 後 續 處 理 。 不 僅 未 感 受 到 店 家 對 客 戶 的 擔 憂 有 一 絲 關 心 的 誠 意  一 切 經 過 更 讓 我 對 長 期 支 持 的 店 家 感 到 極 度 失 望 ！   電 話 裡 貴 店 人 員 表 示 不 可 能 是 蛆  那 是 菜 蟲 ！  可 是 味 香 ～ 那 是 碗 雙 醬 麵 啊 ！ 一 根 菜 芽 都 沒 有 的 呀 ！ 想 到 今 天 午 間 赴 店 用 餐 的 客 人 們  也 都 默 默 的 吃 下 小 蛆 熬 煮 而 成 的 營 養 高 湯  忍 不 住 閉 上 眼 睛 告 訴 自 己 要 p e a c e . . .   或 許 貴 店 生 意 興 隆 不 缺 我 們 公 司 寥 寥 可 數 的 幾 張 小 口  但 現 代 人 就 是 嬌 嫩  媽 媽 又 忘 記 生 給 我 一 顆 鐵 打 的 胃  吃 飯 就 怕 吃 進 不 應 存 在 一 般 人 體 內 的 物 質 或 物 種 。 我 們 老 闆 總 說 公 司 最 重 要 的 就 是 良 心 和 誠 信  我 都 有 記 著 。 當 然  賺 錢 很 重 要  但 做 生 意 的 良 知 更 值 得 重 視 ！ 共 勉 之 🙂,1
104,白 翊 妡,5   個 月 前,1,超 難 吃  鍋 貼 超 油  味 道 不 佳  玉 米 湯 也 不 行  想 吃 鍋 貼 還 是 首 選 八 方,1
105,方 俊 凱,2   年 前,5,水 餃 意 外 地 好 吃  鮮 蝦 餛 飩 湯 也 很 不 錯 。 小 菜 麻 油 豬 肝 很 不 錯 喔 ！,1
106,w e n g   a m y,4   年 前,3,牛 肉 飯 的 牛 肉 好 吃  煮 的 夠 軟 ～  但 附 送 的 小 菜  照 片 的 量 少  已 被 吃 掉 3 / 2   比 較 虛 是 口 味 有 點 怪  湯 o k,1
107,D e a r   J o h n,3   年 前,4,鍋 貼 底 部 比 較 乾 、 脆  口 感 會 想 到 煎 餃 。 韭 黃 味 並 不 重  服 務 親 切 。,1
108,李 維 恩,3   年 前,1,鍋 貼 超 薄 . . .  湯 麵 的 湯 頭 是 白 開 水 加 胡 椒 鹽  真 的 後 悔 沒 去 吃 巧 之 味  八 方 都 比 這 家 好 吃  C P 值 直 搗 地 心 的 低,1
109,T i n g,5   年 前,4,很 愛 的 老 味 道  滷 肉 飯 ！  在 台 北 好 難 找 到 古 早 味 的 滷 肉 飯   這 家 已 經 可 以 讓 我 懷 念   味 蕾 打 開 ！  隔 壁 的 排 隊 人 龍  常 常 讓 人 等 的 好 餓 ！  這 家  變 成 我 的 日 常 選 擇 ！  選 擇 多 樣 化   水 餃   煎 餃   麵 類   飯 類   小 菜   湯 品  價 格 合 理 ！,1
110,S h e n g f e n g   K a o,6   個 月 前,1,巧 之 味 關 了 想 說 在 旁 邊 隨 便 解 決  結 果 端 上 來 的 玉 米 湯 是 涼 的 ？ 極 度 難 喝,1
111,H s u a n   S u,2   年 前,3,可 能 是 時 間 太 晚 的 關 係  鍋 貼 再 加 熱 後 皮 有 點 軟  玉 米 濃 湯 還 不 錯  水 餃 一 般 。,1
112,T z u Y u   S h i h,1 0   個 月 前,2,鮮 肉 紅 油 炒 手 燃 麵  在 菜 單 上 標 示 為 兩 顆 辣 椒  但 實 際 上 吃 起 來 只 有 辣 油 的 香 完 全 不 會 辣  份 量 偏 少  優 點 是 上 菜 速 度 還 算 快,1
113,B u w a n   C h a n g,3   年 前,1,餐 點 中 發 現 一 隻 肥 肥 的 小 蛆  食 品 衛 生 安 全 可 能 要 再 加 強 ？   致 電 過 去  詢 問 這 個 狀 況 貴 公 司 會 如 何 處 理  第 一 時 間 對 方 一 句 抱 歉 也 沒 有  聽 起 來 店 內 很 忙 、 很 不 耐 煩 的 要 客 人 再 跑 一 趟 去 門 市 換 餐  我 能 明 白 餐 飲 業 多 少 會 有 這 樣 的 事 件 發 生  但 是 處 理 的 方 式 十 分 令 人 不 愉 快 。   # 大 鍋 蛆 水   # 蛆 高 湯   # 原 味 蛆 水   # 蛆 汁   # 從 產 地 到 餐 桌   # 高 蛋 白 飲 食,1
114,王 博 奕,2   年 前,5,由 於 旁 邊 水 餃 店 太 多 人 排 所 以 才 來 這 家  結 果 沒 想 到 這 家 的 鮮 肉 紅 油 抄 手 超 好 吃  肉 很 鮮 甜  還 是 我 太 餓 ？  總 之 懶 得 排 旁 邊 那 家 的 人 可 以 來 吃 吃 看  不 是 地 雷 。,1
115,孫 庫 獎,6   個 月 前,1,真 心 建 議 不 要 點 火 鍋  吃 完 妳 會 只 有 一 種 空 虛 。,1
116,m i 迷,1   年 前,1,天 氣 太 熱 只 想 趕 快 買 回 去 吃  忘 記 先 看 評 價 結 果 踩 雷 。 份 量 偏 少 且 調 味 不 佳  除 了 湯 以 外 都 吃 一 半 就 直 接 丟 垃 圾 桶 了  好 浪 費 我 的 錢 啊 ⋯   鍋 貼 ： 很 普  還 煎 到 焦 了  沒 有 對 應 的 焦 香 味 只 有 焦 臭 味  麻 醬 麵 ： 調 味 不 佳  對 不 起 麻 醬 麵  肉 燥 飯 ： 沒 啥 味 道  傻 眼  酸 辣 湯 ： 料 超 少  都 是 湯   出 餐 蠻 快 的  酌 給 一 顆 星 。,1
117,王 帥,1   年 前,3,點 了 炸 醬 麵 跟 鮮 肉 雲 吞 湯  雖 然 份 量 都 不 算 多  但 是 口 味 算 精 緻  讚 。 鍋 貼 就 不 推 了  非 常 普 通  而 且 超 油 的  很 快 就 膩 了 。,1
118,A n d r e   T s e n g,1   年 前,1,外 帶 麻 婆 豆 腐 飯 吃 到 一 半 發 現 裡 面 有 一 隻 長 著 翅 膀  黑 黑 的 尺 寸 頗 大  疑 似 蒼 蠅 的 蟲 。 拿 回 去 店 裡 後 看 都 不 看 二 話 不 說 馬 上 退 錢 給 我  到 這 裡 給 1 0 顆 星 。  結 果 離 開 後 到 對 面 全 家 買 東 西  店 員 居 然 拿 著 那 碗 追 到 店 裏 跟 我 說  那 不 是 他 們 店 裡 的  可 能 是 我 買 回 去 之 後 飛 進 去 的 。  ？ ？ ？ ？ ？ ？ ？ ？  店 員 表 示 過 來 說 明 是 要 維 護 商 譽  但  1 . 高 樓 層 辦 公 室 出 現 那 種 尺 寸 飛 蟲 的 機 率 明 顯 低 於 店 鋪  聽 起 來 就 是 在 推 卸 責 任  2 . 店 員 的 解 釋 暗 示 我 吃 飯 的 時 候 瞎 了 有 蟲 飛 進 去 都 不 知 道  而 且 他 怎 麼 知 道 不 是 他 們 裝 盒 的 時 候 飛 進 去 的  綜 上 所 述  雖 然 店 員 沒 有 跟 我 要 回 飯 錢  但 本 來 收 拾 好 的 心 情 又 被 再 次 毀 掉  可 惜 最 低 只 有 一 顆 星  請 準 備 來 用 餐 的 人 慎 選 店 家 。,1
119,J   “ 沛 襄 ”,3   個 月 前,4,油 蔥 麵 很 好 吃     環 境 乾 淨   出 餐 速 度 快,1
120,S h e n g f e n g   K a o,6   個 月 前,1,巧 之 味 關 了 想 說 在 旁 邊 隨 便 解 決  結 果 端 上 來 的 玉 米 湯 是 涼 的 ？ 極 度 難 喝,1
121,H s u a n   S u,2   年 前,3,可 能 是 時 間 太 晚 的 關 係  鍋 貼 再 加 熱 後 皮 有 點 軟  玉 米 濃 湯 還 不 錯  水 餃 一 般 。,1
122,T z u Y u   S h i h,1 0   個 月 前,2,鮮 肉 紅 油 炒 手 燃 麵  在 菜 單 上 標 示 為 兩 顆 辣 椒  但 實 際 上 吃 起 來 只 有 辣 油 的 香 完 全 不 會 辣  份 量 偏 少  優 點 是 上 菜 速 度 還 算 快,1
123,B u w a n   C h a n g,3   年 前,1,餐 點 中 發 現 一 隻 肥 肥 的 小 蛆  食 品 衛 生 安 全 可 能 要 再 加 強 ？   致 電 過 去  詢 問 這 個 狀 況 貴 公 司 會 如 何 處 理  第 一 時 間 對 方 一 句 抱 歉 也 沒 有  聽 起 來 店 內 很 忙 、 很 不 耐 煩 的 要 客 人 再 跑 一 趟 去 門 市 換 餐  我 能 明 白 餐 飲 業 多 少 會 有 這 樣 的 事 件 發 生  但 是 處 理 的 方 式 十 分 令 人 不 愉 快 。   # 大 鍋 蛆 水   # 蛆 高 湯   # 原 味 蛆 水   # 蛆 汁   # 從 產 地 到 餐 桌   # 高 蛋 白 飲 食,1
124,王 博 奕,2   年 前,5,由 於 旁 邊 水 餃 店 太 多 人 排 所 以 才 來 這 家  結 果 沒 想 到 這 家 的 鮮 肉 紅 油 抄 手 超 好 吃  肉 很 鮮 甜  還 是 我 太 餓 ？  總 之 懶 得 排 旁 邊 那 家 的 人 可 以 來 吃 吃 看  不 是 地 雷 。,1
125,孫 庫 獎,6   個 月 前,1,真 心 建 議 不 要 點 火 鍋  吃 完 妳 會 只 有 一 種 空 虛 。,1
126,m i 迷,1   年 前,1,天 氣 太 熱 只 想 趕 快 買 回 去 吃  忘 記 先 看 評 價 結 果 踩 雷 。 份 量 偏 少 且 調 味 不 佳  除 了 湯 以 外 都 吃 一 半 就 直 接 丟 垃 圾 桶 了  好 浪 費 我 的 錢 啊 ⋯   鍋 貼 ： 很 普  還 煎 到 焦 了  沒 有 對 應 的 焦 香 味 只 有 焦 臭 味  麻 醬 麵 ： 調 味 不 佳  對 不 起 麻 醬 麵  肉 燥 飯 ： 沒 啥 味 道  傻 眼  酸 辣 湯 ： 料 超 少  都 是 湯   出 餐 蠻 快 的  酌 給 一 顆 星 。,1
127,王 帥,1   年 前,3,點 了 炸 醬 麵 跟 鮮 肉 雲 吞 湯  雖 然 份 量 都 不 算 多  但 是 口 味 算 精 緻  讚 。 鍋 貼 就 不 推 了  非 常 普 通  而 且 超 油 的  很 快 就 膩 了 。,1
128,A n d r e   T s e n g,1   年 前,1,外 帶 麻 婆 豆 腐 飯 吃 到 一 半 發 現 裡 面 有 一 隻 長 著 翅 膀  黑 黑 的 尺 寸 頗 大  疑 似 蒼 蠅 的 蟲 。 拿 回 去 店 裡 後 看 都 不 看 二 話 不 說 馬 上 退 錢 給 我  到 這 裡 給 1 0 顆 星 。  結 果 離 開 後 到 對 面 全 家 買 東 西  店 員 居 然 拿 著 那 碗 追 到 店 裏 跟 我 說  那 不 是 他 們 店 裡 的  可 能 是 我 買 回 去 之 後 飛 進 去 的 。  ？ ？ ？ ？ ？ ？ ？ ？  店 員 表 示 過 來 說 明 是 要 維 護 商 譽  但  1 . 高 樓 層 辦 公 室 出 現 那 種 尺 寸 飛 蟲 的 機 率 明 顯 低 於 店 鋪  聽 起 來 就 是 在 推 卸 責 任  2 . 店 員 的 解 釋 暗 示 我 吃 飯 的 時 候 瞎 了 有 蟲 飛 進 去 都 不 知 道  而 且 他 怎 麼 知 道 不 是 他 們 裝 盒 的 時 候 飛 進 去 的  綜 上 所 述  雖 然 店 員 沒 有 跟 我 要 回 飯 錢  但 本 來 收 拾 好 的 心 情 又 被 再 次 毀 掉  可 惜 最 低 只 有 一 顆 星  請 準 備 來 用 餐 的 人 慎 選 店 家 。,1
129,J   “ 沛 襄 ”,3   個 月 前,4,油 蔥 麵 很 好 吃     環 境 乾 淨   出 餐 速 度 快,1
130,H a o   Y u   Z h u,4   年 前,3,份 量 蠻 多  價 錢 還 可 以  店 內 用 餐 環 境 舒 服,1
131,連 思 翰,1   年 前,1,不 能 處 理 的 單 就 不 要 接  這 種 出 餐 速 度 還 不 如 去 吃 法 式 料 理,1
132,A l i c e,5   個 月 前,5,外 帶 生 水 餃 或 內 用 水 餃 完 全 都 不 會 輸 給 隔 壁 啊,1
133,R i c h a r d   H o,4   年 前,3,吃 了 青 菜 湯  餛 飩 乾 燃 麵  還 有 一 份 小 菜 ； 小 菜 還 不 錯  麵 的 部 份 偏 硬  有 點 沒 熟 透 的 感 覺  青 菜 還 可 以  不 過 不 夠 嫩  不 是 很 好 咀 嚼 ； 不 過 店 內 裝 潢 跟 服 務 態 度 還 蠻 好 的 。,1
134,林 智 洋,2   年 前,2,麻 婆 豆 腐 飯 1 0 0   份 量 超 級 少 醬 汁 也 偏 少   味 道 還 可 以,1
135,S e a n   W u,1 0   個 月 前,4,這 間 店 真 的 算 是 整 個 中 正 區 最 讚 的 餃 子 店 了 。 我 自 己 每 次 來 一 定 必 點 他 們 的 鍋 貼  因 為 他 們 的 鍋 貼 真 的 煎 的 超 專 業 。 何 謂 專 業 ？ 就 是 要 讓 鍋 貼 底 部 保 持 酥 脆  但 仍 然 保 有 鐵 板 與 食 材 間 的 滋 味  放 入 口 中 除 了 感 受 到 份 量 適 中 的 韭 菜 與 嚼 勁 滿 滿 餃 子 皮 外  從 底 部 竄 起 的 熱 氣 會 使 鍋 貼 更 軟 嫩  這 樣 多 層 次 的 感 受 才 是 一 道 餐 點 該 有 的 體 驗 。  它 的 韭 菜 很 香  是 那 種 令 人 欲 罷 不 能 的 現 採 口 感  導 致 韭 菜 水 餃 跟 韭 菜 鍋 貼 都 非 常 出 色  就 算 偶 爾 給 一 些 不 太 會 煮 菜 的 工 讀 生 做  也 不 會 難 吃 到 哪 去  但 當 然  最 好 吃 的 還 是 老 闆 娘 親 自 煮 的 水 餃 、 煎 的 鍋 貼  好 吃 程 度 真 的 有 差  不 得 不 說 老 闆 娘 的 手 藝 真 的 好 ！  榨 菜 肉 絲 麵 則 是 我 覺 得 c p 值 很 高 的 一 份 餐 點  畢 竟 點 水 餃 或 鍋 貼  每 次 動 輒 破 百 元  但 一 碗 榨 菜 肉 絲 麵 才 7 0 塊  對 於 月 底 的 人 們 來 說 真 的 是 個 完 美 的 救 星 ！  最 後 我 只 能 說  老 闆 娘 身 材 真 的 維 持 的 很 好  每 次 看 到 她 煎 鍋 貼  彷 彿 在 眺 望 花 東 縱 谷 的 美 景 一 樣  真 是 賞 心 悅 目  希 望 老 闆 跟 老 闆 娘 能 夠 長 長 久 久 營 業 這 間 美 食 名 店  因 為 我 真 的 不 想 去 吃 八 方 雲 集 的 餃 子 ！ ！ 拜 託 ㄌ 😢  - - - — - - - - - - - - - - - - - - - - - - - - - - - - - - - - - - - - - - - - -  更 新 一 下  良 心 建 議  鍋 貼 最 好 點 老 闆 娘 親 手 煎 的  因 為 給 某 位 大 嬸 店 員 煎 的 那 個 鍋 貼 真 的 超 難 吃  鍋 貼 都 是 油  然 後 鍋 貼 裡 面 還 有 麵 粉 . . . .,1
136,c l w a n g,1   年 前,4,賣 的 品 項 眾 多  價 格 也 算 平 實 。,1
137,C h e n   R a i n b o w,3   年 前,5,來 這 裡 必 點 鍋 貼  真 的 超 好 吃  底 部 煎 的 焦 香 酥 脆  上 皮 軟 嫩 滑 順  內 餡 多 汁   香 氣 四 溢  蘸 上 特 製 醬 油 膏 佐 香 而 不 辣 的 辣 油  每 口 都 有 不 同 層 次 的 美 味,1
138,胡 宜 婷,3   週 前,1,水 餃 掉 地 上 還 丟 進 鍋 子 裡 煮,1
139,H s i   C h e n,2   年 前,4,鍋 貼 好 吃 香 脆  甜 辣 醬 也 不 錯  水 餃 普 普 ！,1
140,H a o   Y u   Z h u,4   年 前,3,份 量 蠻 多  價 錢 還 可 以  店 內 用 餐 環 境 舒 服,1
141,連 思 翰,1   年 前,1,不 能 處 理 的 單 就 不 要 接  這 種 出 餐 速 度 還 不 如 去 吃 法 式 料 理,1
142,A l i c e,5   個 月 前,5,外 帶 生 水 餃 或 內 用 水 餃 完 全 都 不 會 輸 給 隔 壁 啊,1
143,R i c h a r d   H o,4   年 前,3,吃 了 青 菜 湯  餛 飩 乾 燃 麵  還 有 一 份 小 菜 ； 小 菜 還 不 錯  麵 的 部 份 偏 硬  有 點 沒 熟 透 的 感 覺  青 菜 還 可 以  不 過 不 夠 嫩  不 是 很 好 咀 嚼 ； 不 過 店 內 裝 潢 跟 服 務 態 度 還 蠻 好 的 。,1
144,林 智 洋,2   年 前,2,麻 婆 豆 腐 飯 1 0 0   份 量 超 級 少 醬 汁 也 偏 少   味 道 還 可 以,1
145,S e a n   W u,1 0   個 月 前,4,這 間 店 真 的 算 是 整 個 中 正 區 最 讚 的 餃 子 店 了 。 我 自 己 每 次 來 一 定 必 點 他 們 的 鍋 貼  因 為 他 們 的 鍋 貼 真 的 煎 的 超 專 業 。 何 謂 專 業 ？ 就 是 要 讓 鍋 貼 底 部 保 持 酥 脆  但 仍 然 保 有 鐵 板 與 食 材 間 的 滋 味  放 入 口 中 除 了 感 受 到 份 量 適 中 的 韭 菜 與 嚼 勁 滿 滿 餃 子 皮 外  從 底 部 竄 起 的 熱 氣 會 使 鍋 貼 更 軟 嫩  這 樣 多 層 次 的 感 受 才 是 一 道 餐 點 該 有 的 體 驗 。  它 的 韭 菜 很 香  是 那 種 令 人 欲 罷 不 能 的 現 採 口 感  導 致 韭 菜 水 餃 跟 韭 菜 鍋 貼 都 非 常 出 色  就 算 偶 爾 給 一 些 不 太 會 煮 菜 的 工 讀 生 做  也 不 會 難 吃 到 哪 去  但 當 然  最 好 吃 的 還 是 老 闆 娘 親 自 煮 的 水 餃 、 煎 的 鍋 貼  好 吃 程 度 真 的 有 差  不 得 不 說 老 闆 娘 的 手 藝 真 的 好 ！  榨 菜 肉 絲 麵 則 是 我 覺 得 c p 值 很 高 的 一 份 餐 點  畢 竟 點 水 餃 或 鍋 貼  每 次 動 輒 破 百 元  但 一 碗 榨 菜 肉 絲 麵 才 7 0 塊  對 於 月 底 的 人 們 來 說 真 的 是 個 完 美 的 救 星 ！  最 後 我 只 能 說  老 闆 娘 身 材 真 的 維 持 的 很 好  每 次 看 到 她 煎 鍋 貼  彷 彿 在 眺 望 花 東 縱 谷 的 美 景 一 樣  真 是 賞 心 悅 目  希 望 老 闆 跟 老 闆 娘 能 夠 長 長 久 久 營 業 這 間 美 食 名 店  因 為 我 真 的 不 想 去 吃 八 方 雲 集 的 餃 子 ！ ！ 拜 託 ㄌ 😢  - - - — - - - - - - - - - - - - - - - - - - - - - - - - - - - - - - - - - - - - -  更 新 一 下  良 心 建 議  鍋 貼 最 好 點 老 闆 娘 親 手 煎 的  因 為 給 某 位 大 嬸 店 員 煎 的 那 個 鍋 貼 真 的 超 難 吃  鍋 貼 都 是 油  然 後 鍋 貼 裡 面 還 有 麵 粉 . . . .,1
146,c l w a n g,1   年 前,4,賣 的 品 項 眾 多  價 格 也 算 平 實 。,1
147,C h e n   R a i n b o w,3   年 前,5,來 這 裡 必 點 鍋 貼  真 的 超 好 吃  底 部 煎 的 焦 香 酥 脆  上 皮 軟 嫩 滑 順  內 餡 多 汁   香 氣 四 溢  蘸 上 特 製 醬 油 膏 佐 香 而 不 辣 的 辣 油  每 口 都 有 不 同 層 次 的 美 味,1
148,胡 宜 婷,3   週 前,1,水 餃 掉 地 上 還 丟 進 鍋 子 裡 煮,1
149,H s i   C h e n,2   年 前,4,鍋 貼 好 吃 香 脆  甜 辣 醬 也 不 錯  水 餃 普 普 ！,1
150,M a x i n e   W a n g,1   年 前,4,其 實 這 家 水 餃 也 不 錯 吃  不 用 一 直 去 擠 隔 壁 的 巧 之 味  但 鍋 貼 建 議 現 煎 的 再 吃  有 時 沒 有 很 多 人  剩 餘 的 鍋 貼 是 再 熱 過 給 客 人  小 菜 沒 隔 壁 的 好 吃  但 若 像 我 一 樣 在 這 裡 純 粹 吃 水 餃 加 餛 飩 湯  這 裡 是 不 錯 的 選 擇,1
151,莊 麗 英,7   個 月 前,1,竟 讓 端 出 一 碗 沒 熟 的 酸 辣 湯 餃  我 還 吃 下 一 顆  食 材 是 生 食 等 級 的 豬 肉 嗎 ？,1
152,林 雪 莉,5   年 前,5,炸 醬 麵 好 吃 ！ 很 久 沒 吃 到 這 麼 正 統 的 炸 醬 口 味    醬 香 有 深 度 一 定 要 給 五 星  絕 對 會 再 回 訪 ！,1
153,w i l l i a m   w a n g,6   年 前,1,這 碗 湯 是 溫 的   感 覺 像 是 剩 下 的 將 就 賣   鍋 貼 皮 硬 餡 冷   像 是 擺 了 許 久  難 怪 隔 壁 同 是 水 餃 的 老 闆   老 神 在 在,1
154,Y u r o   C h i o u,1   年 前,1,叫 U b e r e a t s  其 中 兩 鍋 酸 菜 豬 五 花 鍋 送 成 番 茄 牛 肉 鍋  口 味 跟 肉 品 都 錯 了  原 以 為 是 送 錯  結 果 打 電 話 過 去 詢 問  店 家 回 覆 ： 「 酸 菜 豬 五 花 沒 了  所 以 給 你 們 番 茄 牛 。 」   ？ ？ ？ 是 可 以 不 聯 絡 消 費 者  自 己 決 定 菜 單 的 嗎 ？ 這 邏 輯 是 不 是 有 點 問 題 。 已 經 不 是 第 一 次 訂 購 這 間 店 餐 點 出 包  沒 想 到 還 可 以 有 更 扯 的 情 況 。,1
155,王 家 宏,1 0   個 月 前,1,就 是 一 間 去 過 一 次 你 不 會 想 踏 進 去 第 二 次 的 店   從 老 闆 到 員 工 全 部 都 極 沒 效 率   客 人 也 沒 幾 隻 貓 你 他 媽 點 菜 單 都 可 以 被 你 搞 丟  食 物 又 爆 幹 雷  這 間 店 存 在 的 意 義 在 哪 裡 沒 人 曉 得,1
156,蔡 瑜 芳,1   年 前,1,價 位 高 份 少  7 0 塊 的 紅 油 抄 手 只 有 少 少 的 七 小 顆 跟 幾 片 青 菜  調 味 只 有 鹹 沒 有 辣  第 一 次 買 也 是 最 後 一 次 了,1
157,Y   b e l l e u v e -,3   年 前,3,點 了 海 鮮 烏 龍 麵  員 工 上 菜 把 菜 單 用 丟 的  不 想 做 服 務 業 可 以 回 家 休 息  餐 點 跟 價 位 不 符  菜 不 新 鮮  難 怪 隔 壁 人 滿 滿 的 ！ 2 0 8 1 3,1
158,蔡 秉 翰,3   年 前,2,環 境 普 通   送 餐 阿 姨 手 指 碰 到 湯 . . .  餐 點 也 很 普 通   份 量 不 多,1
159,小 傻 猴,5   個 月 前,4,稍 貴  值 得 提 的 是  客 人 自 己 找 錢  方 便 又 衛 生,1
160,M a x i n e   W a n g,1   年 前,4,其 實 這 家 水 餃 也 不 錯 吃  不 用 一 直 去 擠 隔 壁 的 巧 之 味  但 鍋 貼 建 議 現 煎 的 再 吃  有 時 沒 有 很 多 人  剩 餘 的 鍋 貼 是 再 熱 過 給 客 人  小 菜 沒 隔 壁 的 好 吃  但 若 像 我 一 樣 在 這 裡 純 粹 吃 水 餃 加 餛 飩 湯  這 裡 是 不 錯 的 選 擇,1
161,莊 麗 英,7   個 月 前,1,竟 讓 端 出 一 碗 沒 熟 的 酸 辣 湯 餃  我 還 吃 下 一 顆  食 材 是 生 食 等 級 的 豬 肉 嗎 ？,1
162,林 雪 莉,5   年 前,5,炸 醬 麵 好 吃 ！ 很 久 沒 吃 到 這 麼 正 統 的 炸 醬 口 味    醬 香 有 深 度 一 定 要 給 五 星  絕 對 會 再 回 訪 ！,1
163,w i l l i a m   w a n g,6   年 前,1,這 碗 湯 是 溫 的   感 覺 像 是 剩 下 的 將 就 賣   鍋 貼 皮 硬 餡 冷   像 是 擺 了 許 久  難 怪 隔 壁 同 是 水 餃 的 老 闆   老 神 在 在,1
164,Y u r o   C h i o u,1   年 前,1,叫 U b e r e a t s  其 中 兩 鍋 酸 菜 豬 五 花 鍋 送 成 番 茄 牛 肉 鍋  口 味 跟 肉 品 都 錯 了  原 以 為 是 送 錯  結 果 打 電 話 過 去 詢 問  店 家 回 覆 ： 「 酸 菜 豬 五 花 沒 了  所 以 給 你 們 番 茄 牛 。 」   ？ ？ ？ 是 可 以 不 聯 絡 消 費 者  自 己 決 定 菜 單 的 嗎 ？ 這 邏 輯 是 不 是 有 點 問 題 。 已 經 不 是 第 一 次 訂 購 這 間 店 餐 點 出 包  沒 想 到 還 可 以 有 更 扯 的 情 況 。,1
165,王 家 宏,1 0   個 月 前,1,就 是 一 間 去 過 一 次 你 不 會 想 踏 進 去 第 二 次 的 店   從 老 闆 到 員 工 全 部 都 極 沒 效 率   客 人 也 沒 幾 隻 貓 你 他 媽 點 菜 單 都 可 以 被 你 搞 丟  食 物 又 爆 幹 雷  這 間 店 存 在 的 意 義 在 哪 裡 沒 人 曉 得,1
166,蔡 瑜 芳,1   年 前,1,價 位 高 份 少  7 0 塊 的 紅 油 抄 手 只 有 少 少 的 七 小 顆 跟 幾 片 青 菜  調 味 只 有 鹹 沒 有 辣  第 一 次 買 也 是 最 後 一 次 了,1
167,Y   b e l l e u v e -,3   年 前,3,點 了 海 鮮 烏 龍 麵  員 工 上 菜 把 菜 單 用 丟 的  不 想 做 服 務 業 可 以 回 家 休 息  餐 點 跟 價 位 不 符  菜 不 新 鮮  難 怪 隔 壁 人 滿 滿 的 ！ 2 0 8 1 3,1
168,蔡 秉 翰,3   年 前,2,環 境 普 通   送 餐 阿 姨 手 指 碰 到 湯 . . .  餐 點 也 很 普 通   份 量 不 多,1
169,小 傻 猴,5   個 月 前,4,稍 貴  值 得 提 的 是  客 人 自 己 找 錢  方 便 又 衛 生,1
170,P a l i o   C H A N G,2   年 前,4,不 用 排 隊  口 味 尚 可  紅 油 抄 手 不 夠 辣 。,1
171,O d e t t e,6   年 前,5,現 煎 的 韭 菜 鍋 貼 超 讚  又 香 多 汁 又 好 吃  8 x x 集 絕 對 比 不 上,1
172,黃 明 翰,3   週 前,1,衛 生 單 位 應 該 要 來 稽 核 一 下,1
173,何 世 紹,1   年 前,5,跟 新 竹 比 起 來  好 吃 不 貴  環 境 好  台 北 人 比 新 竹 人 幸 福 多 了  五 星 推 薦  玉 米 湯 3 5 元 份 量 很 夠,1
174,T r a v e l e r   L,1   年 前,5,雙 醬 麵 是 粗 麵 體  醬 汁 夠 多 也 夠 味  胡 麻 醬 內 有 花 生 碎 粒 很 加 分 ！  紅 油 炒 手 跟 蔥 油 麵 都 好 吃 ！,1
175,王 羽 潔 J a n i c e,1   年 前,1,超 級 生 氣 那 種 ！  沒 有 人 連 四 次 外 帶 蝦 仁 雲 吞 麵 都 給 我 鮮 肉 吧  而 且 每 次 點 餐 每 次 都 用 ！ 力 ！ 確 ！ 認 ！ 「 我 要 蝦 仁 雲 吞 喔 ！ 我 上 次 吃 到 全 部 都 是 鮮 肉 的 ！ 」  一 兩 次 弄 錯 我 覺 得 就 算 了 不 追 究 了 ！ 沒 有 人 連 四 吧 ！ 連 四 欸 ！ 但 因 為 是 外 帶 我 都 離 開 店 家 了 而 且 也 咬 開 了  咬 開 才 能 確 認 是 蝦 還 是 肉  根 本 懶 得 回 去 店 面 追 究 也 不 想 讓 店 家 覺 得 我 在 奧  但 是 連 四 真 的 很 誇 張  鮮 肉 跟 鮮 蝦 的 價 格 完 全 不 一 樣 ！ 這 樣 我 多 付 的 錢 貴 店 要 補 給 我 嗎 ？ 不 想 買 或 是 賣 完 鮮 蝦 可 以 說 ！ 不 要 每 次 都 收 我 鮮 蝦 的 價 格 然 後 給 我 鮮 肉 ！  貴 店 很 好 吃  出 於 信 任 每 次 都 會 再 去 買  但 是 連 四 次 花 鮮 蝦 的 錢 買 到 鮮 肉 真 的 很 不 開 心 ！,1
176,S e r e n d i p i t y,3   個 月 前,1,出 餐 有 夠 久   東 西 也 不 好 吃,1
177,I d a   K u o,1   年 前,3,以 前 覺 得 還 不 錯    但 最 近 來 發 現 消 毒 箱 裡 面 的 筷 子 都 黏 黏 的    加 上 桌 子 和 座 位 的 清 潔 都 沒 有 很 乾 淨    小 菜 雖 然 放 在 小 菜 架 裡  但 是 還 是 有 點 開 放 式    疫 情 期 間 有 點 毛 。,1
178,L I H S I N,8   個 月 前,5,喜 歡 這 裡 的 鍋 贴 、 水 餃 及 北 京 炸 醬 麵  每 一 至 二 週 會 來 回 味 。,1
179,M e l o d y   H s i u n g,1   年 前,4,鍋 貼 好 吃  餛 飩 湯 一 級 棒  而 且 星 期 日 也 開  我 好 喜 歡  大 落 地 窗  大 窗 戶  舒 服  玉 米 濃 湯 賣 完 沒 吃 到  店 裡  種 類 不 少  可 以 選 擇  還 有 滷 肉 飯  燙 青 菜  真 是 好  還 有 懸 掛 電 風 扇  舒 服,1
180,P a l i o   C H A N G,2   年 前,4,不 用 排 隊  口 味 尚 可  紅 油 抄 手 不 夠 辣 。,1
181,O d e t t e,6   年 前,5,現 煎 的 韭 菜 鍋 貼 超 讚  又 香 多 汁 又 好 吃  8 x x 集 絕 對 比 不 上,1
182,黃 明 翰,3   週 前,1,衛 生 單 位 應 該 要 來 稽 核 一 下,1
183,何 世 紹,1   年 前,5,跟 新 竹 比 起 來  好 吃 不 貴  環 境 好  台 北 人 比 新 竹 人 幸 福 多 了  五 星 推 薦  玉 米 湯 3 5 元 份 量 很 夠,1
184,T r a v e l e r   L,1   年 前,5,雙 醬 麵 是 粗 麵 體  醬 汁 夠 多 也 夠 味  胡 麻 醬 內 有 花 生 碎 粒 很 加 分 ！  紅 油 炒 手 跟 蔥 油 麵 都 好 吃 ！,1
185,王 羽 潔 J a n i c e,1   年 前,1,超 級 生 氣 那 種 ！  沒 有 人 連 四 次 外 帶 蝦 仁 雲 吞 麵 都 給 我 鮮 肉 吧  而 且 每 次 點 餐 每 次 都 用 ！ 力 ！ 確 ！ 認 ！ 「 我 要 蝦 仁 雲 吞 喔 ！ 我 上 次 吃 到 全 部 都 是 鮮 肉 的 ！ 」  一 兩 次 弄 錯 我 覺 得 就 算 了 不 追 究 了 ！ 沒 有 人 連 四 吧 ！ 連 四 欸 ！ 但 因 為 是 外 帶 我 都 離 開 店 家 了 而 且 也 咬 開 了  咬 開 才 能 確 認 是 蝦 還 是 肉  根 本 懶 得 回 去 店 面 追 究 也 不 想 讓 店 家 覺 得 我 在 奧  但 是 連 四 真 的 很 誇 張  鮮 肉 跟 鮮 蝦 的 價 格 完 全 不 一 樣 ！ 這 樣 我 多 付 的 錢 貴 店 要 補 給 我 嗎 ？ 不 想 買 或 是 賣 完 鮮 蝦 可 以 說 ！ 不 要 每 次 都 收 我 鮮 蝦 的 價 格 然 後 給 我 鮮 肉 ！  貴 店 很 好 吃  出 於 信 任 每 次 都 會 再 去 買  但 是 連 四 次 花 鮮 蝦 的 錢 買 到 鮮 肉 真 的 很 不 開 心 ！,1
186,S e r e n d i p i t y,3   個 月 前,1,出 餐 有 夠 久   東 西 也 不 好 吃,1
187,I d a   K u o,1   年 前,3,以 前 覺 得 還 不 錯    但 最 近 來 發 現 消 毒 箱 裡 面 的 筷 子 都 黏 黏 的    加 上 桌 子 和 座 位 的 清 潔 都 沒 有 很 乾 淨    小 菜 雖 然 放 在 小 菜 架 裡  但 是 還 是 有 點 開 放 式    疫 情 期 間 有 點 毛 。,1
188,L I H S I N,8   個 月 前,5,喜 歡 這 裡 的 鍋 贴 、 水 餃 及 北 京 炸 醬 麵  每 一 至 二 週 會 來 回 味 。,1
189,M e l o d y   H s i u n g,1   年 前,4,鍋 貼 好 吃  餛 飩 湯 一 級 棒  而 且 星 期 日 也 開  我 好 喜 歡  大 落 地 窗  大 窗 戶  舒 服  玉 米 濃 湯 賣 完 沒 吃 到  店 裡  種 類 不 少  可 以 選 擇  還 有 滷 肉 飯  燙 青 菜  真 是 好  還 有 懸 掛 電 風 扇  舒 服,1
190,葉 信 緯,9   個 月 前,1,等 好 久 都 沒 有 人 送 餐 結 果 發 現 是 人 員 根 本 沒 有 收 到 單  只 會 道 歉 根 本 沒 用  浪 費 了 我 半 小 時 以 上,1
191,Y U - J Y U N   L I N,5   年 前,4,小 菜 新 鮮 度 、 及 用 餐 環 境 整 潔 待 加 強  食 物 美 味,1
192,S o p h i a   L i n,6   年 前,3,還 可 以 ~   簡 單 吃 個 午 餐 ！    粗 麵 條 的 口 感 稍 硬  可 以 再 多 煮 一 下 會 更 好 一 點 ,1
193,1 3 1   r y a n,3   年 前,1,等 很 久     要 不 是 隔 壁 沒 開   我 才 不 會 來         6 點 多 的 1 0 桌   單 子   還 不 見,1
194,K   K,1 1   個 月 前,3,食 物 還 可 以  選 項 多  不 過 去 了 幾 次  服 務 人 員 無 論 尖 峰 時 間 或 離 峰 時 間  態 度 都 待 改 善  請 跟 隔 壁 學 習 一 下 好 嗎 ！,1
195,M i l a,3   年 前,3,老 虎 麵 、 牛 肉 麵 、 水 餃 雲 吞 都 很 普 通 。,1
196,Î - s o a n   T â n,5   年 前,4,鍋 貼 赤 赤 好 吃  空 間 乾 淨  巧 之 味 拜 日 沒 開 所 以 來 吃 看 看  會 再 來 。,1
197,江 I v y,2   年 前,5,紅 油 抄 手 麵 超 好 吃 ！ 🥟 無 敵 好 吃  開 錯 地 點 ⋯ 如 果 在 天 母 一 定 爆 多 人  隔 壁 生 意 太 好 但 我 吃 過 真 的 很 難 吃  水 餃  一 般 般 我  個 人 口 感  ！ 結 果 一 堆 人 排 隊 ⋯  我 喜 歡 吃 饌 味 香 紅 油 抄 手 麵 跟 🥟 超 好 吃 的 ～,1
198,龔 逸 祥,4   年 前,2,還 行   環 境 乾 淨 舒 適 ； 上 菜 頗 慢,1
199,M o m o,6   個 月 前,5,招 牌 水 餃 好 吃  老 板 很 信 任 客 戶 自 己 找 錢,1
200,葉 信 緯,9   個 月 前,1,等 好 久 都 沒 有 人 送 餐 結 果 發 現 是 人 員 根 本 沒 有 收 到 單  只 會 道 歉 根 本 沒 用  浪 費 了 我 半 小 時 以 上,1
201,Y U - J Y U N   L I N,5   年 前,4,小 菜 新 鮮 度 、 及 用 餐 環 境 整 潔 待 加 強  食 物 美 味,1
202,S o p h i a   L i n,6   年 前,3,還 可 以 ~   簡 單 吃 個 午 餐 ！    粗 麵 條 的 口 感 稍 硬  可 以 再 多 煮 一 下 會 更 好 一 點 ,1
203,1 3 1   r y a n,3   年 前,1,等 很 久     要 不 是 隔 壁 沒 開   我 才 不 會 來         6 點 多 的 1 0 桌   單 子   還 不 見,1
204,K   K,1 1   個 月 前,3,食 物 還 可 以  選 項 多  不 過 去 了 幾 次  服 務 人 員 無 論 尖 峰 時 間 或 離 峰 時 間  態 度 都 待 改 善  請 跟 隔 壁 學 習 一 下 好 嗎 ！,1
205,M i l a,3   年 前,3,老 虎 麵 、 牛 肉 麵 、 水 餃 雲 吞 都 很 普 通 。,1
206,Î - s o a n   T â n,5   年 前,4,鍋 貼 赤 赤 好 吃  空 間 乾 淨  巧 之 味 拜 日 沒 開 所 以 來 吃 看 看  會 再 來 。,1
207,江 I v y,2   年 前,5,紅 油 抄 手 麵 超 好 吃 ！ 🥟 無 敵 好 吃  開 錯 地 點 ⋯ 如 果 在 天 母 一 定 爆 多 人  隔 壁 生 意 太 好 但 我 吃 過 真 的 很 難 吃  水 餃  一 般 般 我  個 人 口 感  ！ 結 果 一 堆 人 排 隊 ⋯  我 喜 歡 吃 饌 味 香 紅 油 抄 手 麵 跟 🥟 超 好 吃 的 ～,1
208,龔 逸 祥,4   年 前,2,還 行   環 境 乾 淨 舒 適 ； 上 菜 頗 慢,1
209,M o m o,6   個 月 前,5,招 牌 水 餃 好 吃  老 板 很 信 任 客 戶 自 己 找 錢,1
210,蘇 予 安,1   年 前,1,有 一 個 體 型 壯 碩 中 年 女 服 務 生  忽 略 我 讓 我 乾 等 1 5 分 鐘  我 提 醒 後 還 送 錯 菜  態 度 一 副 從 容 不 迫 的 樣 子  這 麼 跩 不 要 出 來 當 服 務 生 謝 謝  下 次 不 會 再 光 顧 了 ！,1
211,蔡 旻 珊   R y d e r,8   個 月 前,3,老 北 京 炸 醬 麵 不 錯 。  個 人 覺 得 水 餃 比 隔 壁 好 吃 。   缺 點 是 老 闆 娘 有 時 會 在 店 裡 大 聲 抱 怨 及 講 八 卦 … . 店 裡 用 餐 都 變 難 吃 了,1
212,t i,2   年 前,4,是 一 間 想 輕 鬆 吃 但 又 不 想 踩 雷 的 店 。  古 早 味 乾 麵 很 好 吃  會 想 再 來 吃 的 那 種  調 味 的 鹹 與 油 膩 感 很 足 夠  偏 油 但 夠 味 好 吃  如 果 青 菜 附 多 一 點 更 佳 。 酸 辣 湯 酸 度 夠 。 紅 油 炒 手 的 調 味 不 錯 不 過 餛 飩 本 身 吃 起 來 較 清 淡 。  吃 完 才 發 現 這 家 竟 然 只 有 3 . 5 分  覺 得 基 本 的 乾 麵 味 道 做 的 不 錯 其 他 應 該 不 會 差 到 哪  應 該 值 3 . 8 - 4 . 0  也 許 是 因 為 隔 壁 是 人 氣 店 面 所 以 競 爭 較 高 ㄅ ？,1
213,莊 雅 涵,1   個 月 前,5,麻 醬 麵 . 蔥 油 麵 好 吃,1
214,H i t o m i   H s i e h,3   年 前,3,因 為 巧 之 味 賣 完 了 來 試 試 旁 邊 這 家  結 果 鍋 貼 水 餃 也 賣 完 了 。 點 了 鮮 蝦 紅 油 抄 手 燃 麵 1 1 0 元  份 量 不 多 而 且 也 不 辣  有 點 失 望  完 全 不 辣 那 種  想 吃 辣 的 可 以 放 棄 自 己 加 辣   邊 吃 邊 看 菜 單 赫 然 發 現  鮮 蝦 雲 吞 麵 9 0 元 . . . . 在 紅 油 抄 手 不 辣 的 情 況 下 好 像 點 雲 吞 麵 就 好 了 😕 . . . . 吃 完 有 點 空 虛  我 要 再 去 買 鹹 酥 雞 了 。 若 不 是 很 餓 的 情 況 下 應 該 不 會 再 訪  是 一 家 平 平 的 小 吃 店 。,1
215,劉 釋 允,3   年 前,2,只 評 論 乾 麵 類  2 0 1 7 左 右 是 一 間 值 得 午 餐 從 仁 愛 路 中 山 南 路 走 來 吃 的 店  尤 其 老 北 京 炸 醬 麵 必 點 。 2 0 1 8 年 底 某 次 來 吃 發 現 味 道 大 變 樣  首 先 炸 醬 變 少 變 稀  肉 末 的 份 量 少 很 多  再 來 麵 條 的 火 候 差 非 常 多  麵 種 變 了 且 濕 軟 既 不 吸 附 醬 汁 也 沒 有 口 感  麵 也 沒 有 瀝 乾  過 多 的 麵 水  餐 具 也 沒 烘 乾  上 菜 時 整 碗 濕 淋 淋 不 知 道 怎 麼 回 事 。 2 0 1 9 又 來 訪 1 - 2 次 發 現 始 終 沒 有 改 善  從 此 放 棄 這 間 店 。  最 近 幾 週 觀 察 ： 正 餐 時 間 旁 邊 的 巧 之 味 排 到 轉 角  本 店 甚 至 還 有 空 位  由 此 可 見 一 斑   🌟 🌟 🌟 🌟 🌟 吃 完 馬 上 想 再 吃  🌟 🌟 🌟 🌟 有 機 會 可 以 再 吃  🌟 🌟 🌟 沒 東 西 吃 會 吃  🌟 🌟 被 逼 迫 的 時 候 可 以 吃  🌟 快 餓 死 的 時 候 勉 強 吃,1
216,S u n   K e v i n,2   年 前,4,鍋 貼 比 八 方 / 四 海 要 好 吃 . 菜 單 有 麵 食 也 有 飯 類 . 是 附 近 少 有 的 平 價 餐 廳 . 但 常 會 送 錯 餐 點  鍋 貼 口 味  人 不 多 也 會 送 錯 . 所 以 餐 點 上 桌 時 要 先 看 一 下 再 吃 . .,1
217,P e t e r   C h a n g,8   個 月 前,5,高 麗 菜 水 餃 跟 蝦 仁 抄 手 意 外 的 好 吃  鱈 魚 丸 湯 也 不 錯,1
218,a l l i a n z 6 2 3,1   年 前,3,社 區 型 麵 食 館 。 鍋 貼 水 餃 6 元 。 各 式 麵 食 6 0 元 起 。 酸 辣 湯 3 0 元 料 多 味 美 。 小 菜 種 類 多 各 3 5 元 。,1
219,W e n H a o   C h a n g,6   年 前,5,好 吃 又 便 宜   還 有 調 味 醬 油 可 以 加,1
220,蘇 予 安,1   年 前,1,有 一 個 體 型 壯 碩 中 年 女 服 務 生  忽 略 我 讓 我 乾 等 1 5 分 鐘  我 提 醒 後 還 送 錯 菜  態 度 一 副 從 容 不 迫 的 樣 子  這 麼 跩 不 要 出 來 當 服 務 生 謝 謝  下 次 不 會 再 光 顧 了 ！,1
221,蔡 旻 珊   R y d e r,8   個 月 前,3,老 北 京 炸 醬 麵 不 錯 。  個 人 覺 得 水 餃 比 隔 壁 好 吃 。   缺 點 是 老 闆 娘 有 時 會 在 店 裡 大 聲 抱 怨 及 講 八 卦 … . 店 裡 用 餐 都 變 難 吃 了,1
222,t i,2   年 前,4,是 一 間 想 輕 鬆 吃 但 又 不 想 踩 雷 的 店 。  古 早 味 乾 麵 很 好 吃  會 想 再 來 吃 的 那 種  調 味 的 鹹 與 油 膩 感 很 足 夠  偏 油 但 夠 味 好 吃  如 果 青 菜 附 多 一 點 更 佳 。 酸 辣 湯 酸 度 夠 。 紅 油 炒 手 的 調 味 不 錯 不 過 餛 飩 本 身 吃 起 來 較 清 淡 。  吃 完 才 發 現 這 家 竟 然 只 有 3 . 5 分  覺 得 基 本 的 乾 麵 味 道 做 的 不 錯 其 他 應 該 不 會 差 到 哪  應 該 值 3 . 8 - 4 . 0  也 許 是 因 為 隔 壁 是 人 氣 店 面 所 以 競 爭 較 高 ㄅ ？,1
223,莊 雅 涵,1   個 月 前,5,麻 醬 麵 . 蔥 油 麵 好 吃,1
224,H i t o m i   H s i e h,3   年 前,3,因 為 巧 之 味 賣 完 了 來 試 試 旁 邊 這 家  結 果 鍋 貼 水 餃 也 賣 完 了 。 點 了 鮮 蝦 紅 油 抄 手 燃 麵 1 1 0 元  份 量 不 多 而 且 也 不 辣  有 點 失 望  完 全 不 辣 那 種  想 吃 辣 的 可 以 放 棄 自 己 加 辣   邊 吃 邊 看 菜 單 赫 然 發 現  鮮 蝦 雲 吞 麵 9 0 元 . . . . 在 紅 油 抄 手 不 辣 的 情 況 下 好 像 點 雲 吞 麵 就 好 了 😕 . . . . 吃 完 有 點 空 虛  我 要 再 去 買 鹹 酥 雞 了 。 若 不 是 很 餓 的 情 況 下 應 該 不 會 再 訪  是 一 家 平 平 的 小 吃 店 。,1
225,劉 釋 允,3   年 前,2,只 評 論 乾 麵 類  2 0 1 7 左 右 是 一 間 值 得 午 餐 從 仁 愛 路 中 山 南 路 走 來 吃 的 店  尤 其 老 北 京 炸 醬 麵 必 點 。 2 0 1 8 年 底 某 次 來 吃 發 現 味 道 大 變 樣  首 先 炸 醬 變 少 變 稀  肉 末 的 份 量 少 很 多  再 來 麵 條 的 火 候 差 非 常 多  麵 種 變 了 且 濕 軟 既 不 吸 附 醬 汁 也 沒 有 口 感  麵 也 沒 有 瀝 乾  過 多 的 麵 水  餐 具 也 沒 烘 乾  上 菜 時 整 碗 濕 淋 淋 不 知 道 怎 麼 回 事 。 2 0 1 9 又 來 訪 1 - 2 次 發 現 始 終 沒 有 改 善  從 此 放 棄 這 間 店 。  最 近 幾 週 觀 察 ： 正 餐 時 間 旁 邊 的 巧 之 味 排 到 轉 角  本 店 甚 至 還 有 空 位  由 此 可 見 一 斑   🌟 🌟 🌟 🌟 🌟 吃 完 馬 上 想 再 吃  🌟 🌟 🌟 🌟 有 機 會 可 以 再 吃  🌟 🌟 🌟 沒 東 西 吃 會 吃  🌟 🌟 被 逼 迫 的 時 候 可 以 吃  🌟 快 餓 死 的 時 候 勉 強 吃,1
226,S u n   K e v i n,2   年 前,4,鍋 貼 比 八 方 / 四 海 要 好 吃 . 菜 單 有 麵 食 也 有 飯 類 . 是 附 近 少 有 的 平 價 餐 廳 . 但 常 會 送 錯 餐 點  鍋 貼 口 味  人 不 多 也 會 送 錯 . 所 以 餐 點 上 桌 時 要 先 看 一 下 再 吃 . .,1
227,P e t e r   C h a n g,8   個 月 前,5,高 麗 菜 水 餃 跟 蝦 仁 抄 手 意 外 的 好 吃  鱈 魚 丸 湯 也 不 錯,1
228,a l l i a n z 6 2 3,1   年 前,3,社 區 型 麵 食 館 。 鍋 貼 水 餃 6 元 。 各 式 麵 食 6 0 元 起 。 酸 辣 湯 3 0 元 料 多 味 美 。 小 菜 種 類 多 各 3 5 元 。,1
229,W e n H a o   C h a n g,6   年 前,5,好 吃 又 便 宜   還 有 調 味 醬 油 可 以 加,1
230,簡 培 苗,1   年 前,5,高 麗 菜 水 餃 皮 薄 餡 多  有 驚 艷 的 感 覺  而 且 一 顆 才 六 塊 超 好 吃,1
231,h a n,5   年 前,4,韭 黃 鍋 貼 及 韭 菜 水 餃 好 吃,1
232,游 閔 暘,3   年 前,1,C p 值 低  絕 不 二 訪  各 位 斟 酌  東 西 難 吃  洞 飯 1 2 0 只 有 白 飯 加 4 片 肉 一 點 洋 蔥  連 醬 汁 都 省  飯 有 夠 乾  1 2 0 丟 水 溝  有 夠 可 悲  拿 去 買 泡 麵 都 吃 比 較 飽  肉 還 比 較 多  目 測 1 2 0 的 洞 飯 成 本 5 0 左 右  1 3 0 的 海 鮮 烏 龍 麵 更 扯  不 是 只 有 一 隻 蝦 子 就 叫 做 海 鮮  目 測 成 本 更 低  可 能 不 到 5 0 。,1
233,W i l l l i a m,4   年 前,1,7 點 - 7 : 3 0 開 始 就 沒 辣 味 鍋 貼   跟 某 些 產 品  以 前 聽 朋 友 說   長 鍋 鏟 常 常 用 丟 的   嚇 到 人  這 次 本 人 在 外 帶 餐 口 實 際 遇 到   就 在 面 前  發 出 巨 響   哪 次 失 誤 或 有 水   一 定 會 被 弄 到   廚 房 人 員   未 戴 口 罩   手 套   極 不 衛 生   晚 上 收 店   弄 的 人 行 道 上 都 是 水  行 人 行 走   極 不 方 便   跟   危 險   收 店 後   垃 圾 直 接 放 在 人 行 道 上     招 來 蚊 蟲 蟑 螂 老 鼠,1
234,J a n   S h e n,1   年 前,4,跟 友 人 都 覺 得 水 餃 比 隔 壁 好 吃  鍋 貼 也 很 酥 脆,1
235,A p r i l   C h a n g,2   年 前,5,不 知 道 隔 壁 無 法 內 用  輾 轉 來 吃 這 間  吃 了 宜 蘭 韭 黃 高 麗 菜 水 餃  蔬 菜 超 清 爽 豬 肉 不 會 太 油 膩  整 顆 水 餃 菜 與 肉 的 比 例 剛 剛 好  給 予 極 高 的 評 價 啊 啊 啊 ～ 十 分 優 秀,1
236,H s i a n g   Y u n   H u n g,1   年 前,3,站 前 台 的 某 一 位 大 姊 超 級 猛  可 以 直 接 用 記 憶 力 記 住 所 有 撲 向 她 的 菜 單  還 很 少 出 錯  厲 害,1
237,m o n i c a   l e e,3   年 前,3,點 了 鍋 貼   雲 吞 麵   青 菜 湯   豬 肝 和 干 絲 兩 個 小 菜   餐 後 又 點 了 燕 麥 薏 仁 漿   鍋 貼 香 脆   小 菜 豬 肝 軟 嫩 夠 味   湯 麵 較 不 佳   賣 相 看 來 平 淡 無 味   麵 也 太 軟   青 菜 湯 青 菜 好 少   薏 仁 漿 還 不 錯,1
238,繼 續 說 下 去,2   年 前,1,只 有 細 小 肉 末 的 肉 臊 飯 要 賣 4 0 ？ 去 搶 錢 還 比 較 快 ！  外 面 看 板 用 透 明 膠 帶 貼 價 錢    然 後 說 有 貼 起 來  到 底 誰 有 問 題 ？ ？ 極 度 不 推 ～ : ,1
239,A l v i n   C h a n g,5   個 月 前,1,點 了 付 完 錢 忘 記 出 餐   超 爛,1
240,簡 培 苗,1   年 前,5,高 麗 菜 水 餃 皮 薄 餡 多  有 驚 艷 的 感 覺  而 且 一 顆 才 六 塊 超 好 吃,1
241,h a n,5   年 前,4,韭 黃 鍋 貼 及 韭 菜 水 餃 好 吃,1
242,游 閔 暘,3   年 前,1,C p 值 低  絕 不 二 訪  各 位 斟 酌  東 西 難 吃  洞 飯 1 2 0 只 有 白 飯 加 4 片 肉 一 點 洋 蔥  連 醬 汁 都 省  飯 有 夠 乾  1 2 0 丟 水 溝  有 夠 可 悲  拿 去 買 泡 麵 都 吃 比 較 飽  肉 還 比 較 多  目 測 1 2 0 的 洞 飯 成 本 5 0 左 右  1 3 0 的 海 鮮 烏 龍 麵 更 扯  不 是 只 有 一 隻 蝦 子 就 叫 做 海 鮮  目 測 成 本 更 低  可 能 不 到 5 0 。,1
243,W i l l l i a m,4   年 前,1,7 點 - 7 : 3 0 開 始 就 沒 辣 味 鍋 貼   跟 某 些 產 品  以 前 聽 朋 友 說   長 鍋 鏟 常 常 用 丟 的   嚇 到 人  這 次 本 人 在 外 帶 餐 口 實 際 遇 到   就 在 面 前  發 出 巨 響   哪 次 失 誤 或 有 水   一 定 會 被 弄 到   廚 房 人 員   未 戴 口 罩   手 套   極 不 衛 生   晚 上 收 店   弄 的 人 行 道 上 都 是 水  行 人 行 走   極 不 方 便   跟   危 險   收 店 後   垃 圾 直 接 放 在 人 行 道 上     招 來 蚊 蟲 蟑 螂 老 鼠,1
244,J a n   S h e n,1   年 前,4,跟 友 人 都 覺 得 水 餃 比 隔 壁 好 吃  鍋 貼 也 很 酥 脆,1
245,A p r i l   C h a n g,2   年 前,5,不 知 道 隔 壁 無 法 內 用  輾 轉 來 吃 這 間  吃 了 宜 蘭 韭 黃 高 麗 菜 水 餃  蔬 菜 超 清 爽 豬 肉 不 會 太 油 膩  整 顆 水 餃 菜 與 肉 的 比 例 剛 剛 好  給 予 極 高 的 評 價 啊 啊 啊 ～ 十 分 優 秀,1
246,H s i a n g   Y u n   H u n g,1   年 前,3,站 前 台 的 某 一 位 大 姊 超 級 猛  可 以 直 接 用 記 憶 力 記 住 所 有 撲 向 她 的 菜 單  還 很 少 出 錯  厲 害,1
247,m o n i c a   l e e,3   年 前,3,點 了 鍋 貼   雲 吞 麵   青 菜 湯   豬 肝 和 干 絲 兩 個 小 菜   餐 後 又 點 了 燕 麥 薏 仁 漿   鍋 貼 香 脆   小 菜 豬 肝 軟 嫩 夠 味   湯 麵 較 不 佳   賣 相 看 來 平 淡 無 味   麵 也 太 軟   青 菜 湯 青 菜 好 少   薏 仁 漿 還 不 錯,1
248,繼 續 說 下 去,2   年 前,1,只 有 細 小 肉 末 的 肉 臊 飯 要 賣 4 0 ？ 去 搶 錢 還 比 較 快 ！  外 面 看 板 用 透 明 膠 帶 貼 價 錢    然 後 說 有 貼 起 來  到 底 誰 有 問 題 ？ ？ 極 度 不 推 ～ : ,1
249,A l v i n   C h a n g,5   個 月 前,1,點 了 付 完 錢 忘 記 出 餐   超 爛,1
250,T i m S h o w,1   年 前,4,好 吃  但 吃 完 滿 身 汗,1
251,E l v i s,4   年 前,2,晚 間 七 點 五 十 入 座 點 餐  填 好 內 用 單 詢 問 是 否 要 給 服 務 人 員  店 員 示 意 放 在 櫃 檯 就 可 以  結 果 坐 了 2 2 分 鐘 後  桌 子 沒 有 來 擦 乾 淨  我 的 餐 點 也 沒 上  其 他 比 我 晚 到 的 兩 三 組 客 人 的 水 餃 或 是 湯 都 已 經 上 了  很 明 顯 漏 單 沒 做  我 實 在 受 不 了  告 訴 老 闆 等 太 久 不 需 要 了   沒 吃 到 產 品 是 否 好 吃  但 入 座 準 備 要 消 費 的 體 驗 十 分 差,1
252,陳 泳 蓉,1   年 前,4,鍋 貼 跟 青 菜 湯 都 很 讚 ~ ~  但 青 菜 湯 裡 面 有 兩 隻 小 蝸 牛 😂 😂,1
253,T s a n g   “ L i z ”   H s i n - C h i h,4   年 前,5,他 們 家 麵 食 和 鍋 貼 都 好 吃 ‼ 尤 其 鍋 貼 很 香 ! 韭 菜 和 韭 黃 高 麗 菜 的 都 很 不 錯 ～ 價 格 也 很 親 和  重 點 是 不 用 排 隊 也 有 美 食 ! 推 薦 ! !,1
254,郭 志 吳,8   個 月 前,3,蕃 茄 蔬 菜 麵 還 可 、 唯 一 美 中 不 足 的 是 加 上 罐 頭 蕃 茄 醬,1
255,m o t o n e   l i e,2   年 前,4,蠻 喜 歡 這 裡 的 麵 食  但 實 際 上 我 都 愛 叫 水 餃 鍋 貼 小 菜 酸 辣 湯  價 格 實 惠  送 餐 快  座 位 雖 小 但 都 有 稍 隔  我 吃 完 都 順 便 買 冷 凍 水 餃 帶 回 家  品 質 決 不 輸 隔 壁 的 巧 之 味,1
256,A m i l y   H u,4   年 前,1,爛 。 點 餐 時  要 點 韭 菜 水 餃  店 員 告 知 只 剩 高 麗 菜 水 餃  於 是 只 能 換 高 麗 菜 水 餃  等 到 湯 、 小 菜 吃 到 一 半 才 又 來 告 知 說 沒 水 餃 了  要 我 們 改 鍋 貼  還 說 是 我 們 誤 會  整 個 很 莫 名 其 妙 。 才 晚 上 七 點 要 什 麼 沒 什 麼  這 樣 也 能 做 生 意  真 是 佩 服 。 湯 也 不 燙  小 菜 偏 甜 。,1
257,C i n d y   C h e n c h e n,2   年 前,5,招 牌 水 餃 好 吃 ！  水 餃 內 高 麗 菜 吃 起 來 是 鮮 甜 且 脆 的  很 棒 ！  酸 辣 湯 也 好 吃  價 錢 合 理   值 得 一 試 。,1
258,曾 煥 榮,1   年 前,4,平 實 小 吃  口 味 適 中  麵 食 搭 配 鍋 貼  很 是 加 分 。,1
259,T o m   T o m,3   年 前,1,千 萬 別 吃 牛 肉 飯    明 明 外 面 菜 單 寫 著 附 小 菜 和 味 增 湯    結 果 根 本 都 沒 有    只 給 了 一 碗 青 菜 湯 打 發 了 事    詢 問 怎 麼 和 外 面 菜 單 寫 的 不 一 樣 時 弄 煎 餃 老 先 生 臉 臭 得 厲 害    好 像 我 不 該 來 買 東 西 增 加 他 們 的 工 作 一 樣    這 家 是 我 在 台 北 吃 過 最 糟 糕 的 一 家 了    強 烈 建 議 到 隔 壁 吃 水 餃 去    別 來 這 家 找 氣 受,1
260,T i m S h o w,1   年 前,4,好 吃  但 吃 完 滿 身 汗,1
261,E l v i s,4   年 前,2,晚 間 七 點 五 十 入 座 點 餐  填 好 內 用 單 詢 問 是 否 要 給 服 務 人 員  店 員 示 意 放 在 櫃 檯 就 可 以  結 果 坐 了 2 2 分 鐘 後  桌 子 沒 有 來 擦 乾 淨  我 的 餐 點 也 沒 上  其 他 比 我 晚 到 的 兩 三 組 客 人 的 水 餃 或 是 湯 都 已 經 上 了  很 明 顯 漏 單 沒 做  我 實 在 受 不 了  告 訴 老 闆 等 太 久 不 需 要 了   沒 吃 到 產 品 是 否 好 吃  但 入 座 準 備 要 消 費 的 體 驗 十 分 差,1
262,陳 泳 蓉,1   年 前,4,鍋 貼 跟 青 菜 湯 都 很 讚 ~ ~  但 青 菜 湯 裡 面 有 兩 隻 小 蝸 牛 😂 😂,1
263,T s a n g   “ L i z ”   H s i n - C h i h,4   年 前,5,他 們 家 麵 食 和 鍋 貼 都 好 吃 ‼ 尤 其 鍋 貼 很 香 ! 韭 菜 和 韭 黃 高 麗 菜 的 都 很 不 錯 ～ 價 格 也 很 親 和  重 點 是 不 用 排 隊 也 有 美 食 ! 推 薦 ! !,1
264,郭 志 吳,8   個 月 前,3,蕃 茄 蔬 菜 麵 還 可 、 唯 一 美 中 不 足 的 是 加 上 罐 頭 蕃 茄 醬,1
265,m o t o n e   l i e,2   年 前,4,蠻 喜 歡 這 裡 的 麵 食  但 實 際 上 我 都 愛 叫 水 餃 鍋 貼 小 菜 酸 辣 湯  價 格 實 惠  送 餐 快  座 位 雖 小 但 都 有 稍 隔  我 吃 完 都 順 便 買 冷 凍 水 餃 帶 回 家  品 質 決 不 輸 隔 壁 的 巧 之 味,1
266,A m i l y   H u,4   年 前,1,爛 。 點 餐 時  要 點 韭 菜 水 餃  店 員 告 知 只 剩 高 麗 菜 水 餃  於 是 只 能 換 高 麗 菜 水 餃  等 到 湯 、 小 菜 吃 到 一 半 才 又 來 告 知 說 沒 水 餃 了  要 我 們 改 鍋 貼  還 說 是 我 們 誤 會  整 個 很 莫 名 其 妙 。 才 晚 上 七 點 要 什 麼 沒 什 麼  這 樣 也 能 做 生 意  真 是 佩 服 。 湯 也 不 燙  小 菜 偏 甜 。,1
267,C i n d y   C h e n c h e n,2   年 前,5,招 牌 水 餃 好 吃 ！  水 餃 內 高 麗 菜 吃 起 來 是 鮮 甜 且 脆 的  很 棒 ！  酸 辣 湯 也 好 吃  價 錢 合 理   值 得 一 試 。,1
268,曾 煥 榮,1   年 前,4,平 實 小 吃  口 味 適 中  麵 食 搭 配 鍋 貼  很 是 加 分 。,1
269,T o m   T o m,3   年 前,1,千 萬 別 吃 牛 肉 飯    明 明 外 面 菜 單 寫 著 附 小 菜 和 味 增 湯    結 果 根 本 都 沒 有    只 給 了 一 碗 青 菜 湯 打 發 了 事    詢 問 怎 麼 和 外 面 菜 單 寫 的 不 一 樣 時 弄 煎 餃 老 先 生 臉 臭 得 厲 害    好 像 我 不 該 來 買 東 西 增 加 他 們 的 工 作 一 樣    這 家 是 我 在 台 北 吃 過 最 糟 糕 的 一 家 了    強 烈 建 議 到 隔 壁 吃 水 餃 去    別 來 這 家 找 氣 受,1
270,黃 國 誌,3   年 前,1,咖 哩 飯 1 0 0 元  但 是 只 有 外 面 5 0 元 的 份 量  兩 片 很 單 薄 的 小 肉 片  主 要 是 跟 店 外 面 的 圖 片 太 不 相 符  外 面 圖 片 有 菜 有 肉  送 上 來 卻 說 是 咖 哩 飯 所 以 沒 有 肉 很 正 常  店 員 回 答 態 度 又 很 差  沒 有 給 客 戶 滿 意 的 答 覆,1
271,Y i j u n   X i a,2   年 前,3,麵 食 o k  麻 婆 豆 腐 飯 很 悲 劇  要 麻 沒 麻 、 要 辣 不 夠 辣  整 個 死 鹹 ！ 吃 完 有 種 需 要 洗 腎 的 感 覺 ！,1
272,王 立 宇,8   個 月 前,1,老 闆 牛 丼 是 用 糖 煮 的 嗎   菠 菜 吃 起 來 超 澀,1
273,張 恆 瑞,3   年 前,1,因 為 旁 邊 餃 子 店 賣 完 跑 來 吃 這 家  不 誇 張   煎 餃 等 了 半 小 時 ！   湯 喝 起 來 像 無 調 味  第 一 次 還 沒 吃 飽 飯 就 寫 估 狗 評 分,1
274,L a o   W a n g,5   年 前,4,實 惠 的 食 館  把 平 價 的 料 理 處 理 的 尚 算 精 緻  水 餃 、 鍋 貼 、 雲 吞 的 皮 都 很 薄  與 內 餡 的 比 例 平 衡  鍋 貼 底 煎 地 脆 得 挺 溫 文 儒 雅 的 。 說 不 上 有 什 麼 特 別 魅 力  平 常 吃 吃 也 還 不 錯 。,1
275,H e i s e n b e r g   L i n,3   年 前,1,原 本 點 蔥 油 麵  不 辣   上 桌 時 給 成 老 虎 麵  爆 幹 辣   反 應 後 直 接 將 配 料 換 掉 便 重 上  整 碗 麵 都 他 媽 辣 的 。  害 我 肚 子 他 媽 爆 幹 痛  屁 眼 還 熱 熱 的 。,1
276,C h i a,3   年 前,1,上 次 來 吃 咖 哩 飯 很 濃 很 好 吃   1 0 0 塊 雖 然 偏 貴 但 合 理  今 天 來 吃 有 夠 水   難 吃 到 爆   還 要 1 0 0 塊 簡 直 坑 錢  跟 老 闆 反 應 也 只 是 說 今 天 沒 做 好  沒 做 好 不 會 重 做 嗎 ？ 沒 做 好 還 端 出 來 給 客 人 ? ? 還 收 一 樣 的 錢 …  反 正 我 是 不 會 再 去 了 啦,1
277,洪 福 宇,2   年 前,1,本 來 要 去 吃 看 看 巧 之 味   吃 到 一 半 看 到 有 人 走 錯 間 後   才 驚 覺 自 己 也 吃 錯 間   好 不 好 吃 這 些 都 不 是 重 點   重 點 是 店 裡 有 個 男 的   臉 是 在 臭 什 麼 的   有 人 欠 你 錢 嗎 ？ 口 氣 服 務 態 度 有 夠 差   跩 到 那 種 鳥 樣   還 是 趕 快 包 袱 收 一 收 店 關 一 關,1
278,N a m e   N o    N o   O n e ,3   年 前,5,雖 然 有 名 的 店 巧 之 味 水 餃 旁 邊  雖 然 被 冷 落 了  但 是 其 實 它 們 這 間 東 西 也 蠻 好 吃 的  番 茄 肉 醬 麵 跟 鍋 貼 其 實 都 蠻 好 吃 的  下 次 試 試 看 水 餃 ！,1
279,A n g e l   L e e,3   年 前,5,榨 菜 肉 絲 麵 跟 肉 燥 麵 都 很 好 吃  紅 油 抄 手 調 味 也 很 不 錯 。 店 員 人 很 好  我 一 枚 孕 婦 她 讓 我 在 店 內 休 息 了 很 久 😊,1
280,黃 國 誌,3   年 前,1,咖 哩 飯 1 0 0 元  但 是 只 有 外 面 5 0 元 的 份 量  兩 片 很 單 薄 的 小 肉 片  主 要 是 跟 店 外 面 的 圖 片 太 不 相 符  外 面 圖 片 有 菜 有 肉  送 上 來 卻 說 是 咖 哩 飯 所 以 沒 有 肉 很 正 常  店 員 回 答 態 度 又 很 差  沒 有 給 客 戶 滿 意 的 答 覆,1
281,Y i j u n   X i a,2   年 前,3,麵 食 o k  麻 婆 豆 腐 飯 很 悲 劇  要 麻 沒 麻 、 要 辣 不 夠 辣  整 個 死 鹹 ！ 吃 完 有 種 需 要 洗 腎 的 感 覺 ！,1
282,王 立 宇,8   個 月 前,1,老 闆 牛 丼 是 用 糖 煮 的 嗎   菠 菜 吃 起 來 超 澀,1
283,張 恆 瑞,3   年 前,1,因 為 旁 邊 餃 子 店 賣 完 跑 來 吃 這 家  不 誇 張   煎 餃 等 了 半 小 時 ！   湯 喝 起 來 像 無 調 味  第 一 次 還 沒 吃 飽 飯 就 寫 估 狗 評 分,1
284,L a o   W a n g,5   年 前,4,實 惠 的 食 館  把 平 價 的 料 理 處 理 的 尚 算 精 緻  水 餃 、 鍋 貼 、 雲 吞 的 皮 都 很 薄  與 內 餡 的 比 例 平 衡  鍋 貼 底 煎 地 脆 得 挺 溫 文 儒 雅 的 。 說 不 上 有 什 麼 特 別 魅 力  平 常 吃 吃 也 還 不 錯 。,1
285,H e i s e n b e r g   L i n,3   年 前,1,原 本 點 蔥 油 麵  不 辣   上 桌 時 給 成 老 虎 麵  爆 幹 辣   反 應 後 直 接 將 配 料 換 掉 便 重 上  整 碗 麵 都 他 媽 辣 的 。  害 我 肚 子 他 媽 爆 幹 痛  屁 眼 還 熱 熱 的 。,1
286,C h i a,3   年 前,1,上 次 來 吃 咖 哩 飯 很 濃 很 好 吃   1 0 0 塊 雖 然 偏 貴 但 合 理  今 天 來 吃 有 夠 水   難 吃 到 爆   還 要 1 0 0 塊 簡 直 坑 錢  跟 老 闆 反 應 也 只 是 說 今 天 沒 做 好  沒 做 好 不 會 重 做 嗎 ？ 沒 做 好 還 端 出 來 給 客 人 ? ? 還 收 一 樣 的 錢 …  反 正 我 是 不 會 再 去 了 啦,1
287,洪 福 宇,2   年 前,1,本 來 要 去 吃 看 看 巧 之 味   吃 到 一 半 看 到 有 人 走 錯 間 後   才 驚 覺 自 己 也 吃 錯 間   好 不 好 吃 這 些 都 不 是 重 點   重 點 是 店 裡 有 個 男 的   臉 是 在 臭 什 麼 的   有 人 欠 你 錢 嗎 ？ 口 氣 服 務 態 度 有 夠 差   跩 到 那 種 鳥 樣   還 是 趕 快 包 袱 收 一 收 店 關 一 關,1
288,N a m e   N o    N o   O n e ,3   年 前,5,雖 然 有 名 的 店 巧 之 味 水 餃 旁 邊  雖 然 被 冷 落 了  但 是 其 實 它 們 這 間 東 西 也 蠻 好 吃 的  番 茄 肉 醬 麵 跟 鍋 貼 其 實 都 蠻 好 吃 的  下 次 試 試 看 水 餃 ！,1
289,A n g e l   L e e,3   年 前,5,榨 菜 肉 絲 麵 跟 肉 燥 麵 都 很 好 吃  紅 油 抄 手 調 味 也 很 不 錯 。 店 員 人 很 好  我 一 枚 孕 婦 她 讓 我 在 店 內 休 息 了 很 久 😊,1
290,J e n - L e o n g   T s a i,2   年 前,3,原 去 吃 隔 壁 的 「 巧 之 味 」  不 巧 週 休 就 改 「 饌 味 香 」  食 味 不 錯  也 不 貴  点 了 两 小 菜 也 十 分 入 味  可 拿 三 星 半 。,1
291,C o l a 可 樂,5   年 前,5,超 愛 來 這 邊 光 顧 的  店 內 忙 碌 的 時 候 也 還 是 很 客 氣 ！  老 虎 麵 跟 玉 米 濃 湯 是 我 的 必 點 👍 🏻 👍 🏻  有 時 候 一 個 禮 拜 沒 吃 到 一 次 都 覺 得 哪 裡 不 對 勁 呢 ！,1
292,R o c k   L i u,4   年 前,1,隔 壁 水 餃 更 好 吃 . . . . . . . . 衛 生 環 境 也 比 較 好  隔 壁 水 餃 更 好 吃  隔 壁 水 餃 更 好 吃   要 吃 請 三 思  且 老 闆 態 度 不 好 ~ ~  不 衛 生   態 度 差 . . . . . . . . . . 只 是 店 面 大  隔 壁 水 餃 更 好 吃 . . . . . . . . 衛 生 環 境 也 比 較 好  衛 生 環 境 非 常 糟 糕   原 因 就 是 外 送 餐 點   有 不 該 出 現 的   不 明 物 體  看 到 就 想 吐  回 購 率 0  賣 吃 的 禁 忌   他 都 有 了 還 要 考 慮 嗎 ? ?   要 吃 請 三 思  且 老 闆 態 度 不 好 ~ ~  不 衛 生   態 度 差 . . . . . . . . . . 只 是 店 面 大  隔 壁 水 餃 更 好 吃 . . . . . . . . 衛 生 環 境 也 比 較 好,1
293,黃 金 明,1 1   個 月 前,4,口 味 多 樣 價 格 合 理 注 意 小 菜 不 吃 辣 的 人 要 注 意 雙 醬 榨 菜 兩 種 乾 麵 好 好 吃,1
294,Z h i   X u n   C h e n,6   年 前,3,鍋 貼 算 是 好 吃 的 了 可 是 . . . 同 行 朋 友 點 了 雪 花 牛 鍋 一 上 桌 鍋 裡 全 都 是 煮 肉 的 肉 渣  好 歹 撈 一 下 吧 肉 渣 太 多 了 真 的 是 看 了 食 慾 掉 一 半,1
295,黃 彥 中,4   年 前,1,外 帶 點 餐 店 員 確 認 2 次 沒 少 東 西  後 來 回 去 少 了 鍋 貼 只 給 醬 油  打 回 去 門 市 態 度 超 差 也 不 想 補 送  請 我 們 下 次 消 費 再 扣 錢  誰 還 會 在 去,1
296,簡 初 箏,3   年 前,1,摸 完 錢 直 接 摸 食 物   很 不 衛 生  沒 使 用 餐 具 手 套   摸 完 錢     徒 ！ 手 ！ 抓 水 餃  口 罩 戴 一 半 露 鼻 子 掛 下 巴  態 度 也 超 級 差 臭 臉 不 講 話  食 慾 直 接 沒 了   絕 對 不 會 再 來 第 二 次  朋 友 覺 得 很 難 吃,1
297,R u t h   L i u,1   年 前,1,外 場 收 桌 人 員 態 度 差  以 後 情 願 去 隔 壁 巧 之 味 排 隊 吃 水 餃 ～,1
298,瑄 瑄,1 0   個 月 前,4,經 濟 實 惠 的 小 吃  鍾 愛 蝦 仁 炒 手 👍 好 吃 😋,1
299,黃 嵩 驊,2   年 前,1,嬰 兒 不 友 善 餐 廳  店 家 自 己 就 都 不 要 帶 嬰 兒 出 門  如 果 還 沒 生 祝 你 們 早 日 有 喜  如 果 還 沒 大 也 祝 你 們 早 日 有 囍  祝 福 你 們 一 生 平 安 。,1
300,J e n - L e o n g   T s a i,2   年 前,3,原 去 吃 隔 壁 的 「 巧 之 味 」  不 巧 週 休 就 改 「 饌 味 香 」  食 味 不 錯  也 不 貴  点 了 两 小 菜 也 十 分 入 味  可 拿 三 星 半 。,1
301,C o l a 可 樂,5   年 前,5,超 愛 來 這 邊 光 顧 的  店 內 忙 碌 的 時 候 也 還 是 很 客 氣 ！  老 虎 麵 跟 玉 米 濃 湯 是 我 的 必 點 👍 🏻 👍 🏻  有 時 候 一 個 禮 拜 沒 吃 到 一 次 都 覺 得 哪 裡 不 對 勁 呢 ！,1
302,R o c k   L i u,4   年 前,1,隔 壁 水 餃 更 好 吃 . . . . . . . . 衛 生 環 境 也 比 較 好  隔 壁 水 餃 更 好 吃  隔 壁 水 餃 更 好 吃   要 吃 請 三 思  且 老 闆 態 度 不 好 ~ ~  不 衛 生   態 度 差 . . . . . . . . . . 只 是 店 面 大  隔 壁 水 餃 更 好 吃 . . . . . . . . 衛 生 環 境 也 比 較 好  衛 生 環 境 非 常 糟 糕   原 因 就 是 外 送 餐 點   有 不 該 出 現 的   不 明 物 體  看 到 就 想 吐  回 購 率 0  賣 吃 的 禁 忌   他 都 有 了 還 要 考 慮 嗎 ? ?   要 吃 請 三 思  且 老 闆 態 度 不 好 ~ ~  不 衛 生   態 度 差 . . . . . . . . . . 只 是 店 面 大  隔 壁 水 餃 更 好 吃 . . . . . . . . 衛 生 環 境 也 比 較 好,1
303,黃 金 明,1 1   個 月 前,4,口 味 多 樣 價 格 合 理 注 意 小 菜 不 吃 辣 的 人 要 注 意 雙 醬 榨 菜 兩 種 乾 麵 好 好 吃,1
304,Z h i   X u n   C h e n,6   年 前,3,鍋 貼 算 是 好 吃 的 了 可 是 . . . 同 行 朋 友 點 了 雪 花 牛 鍋 一 上 桌 鍋 裡 全 都 是 煮 肉 的 肉 渣  好 歹 撈 一 下 吧 肉 渣 太 多 了 真 的 是 看 了 食 慾 掉 一 半,1
305,黃 彥 中,4   年 前,1,外 帶 點 餐 店 員 確 認 2 次 沒 少 東 西  後 來 回 去 少 了 鍋 貼 只 給 醬 油  打 回 去 門 市 態 度 超 差 也 不 想 補 送  請 我 們 下 次 消 費 再 扣 錢  誰 還 會 在 去,1
306,簡 初 箏,3   年 前,1,摸 完 錢 直 接 摸 食 物   很 不 衛 生  沒 使 用 餐 具 手 套   摸 完 錢     徒 ！ 手 ！ 抓 水 餃  口 罩 戴 一 半 露 鼻 子 掛 下 巴  態 度 也 超 級 差 臭 臉 不 講 話  食 慾 直 接 沒 了   絕 對 不 會 再 來 第 二 次  朋 友 覺 得 很 難 吃,1
307,R u t h   L i u,1   年 前,1,外 場 收 桌 人 員 態 度 差  以 後 情 願 去 隔 壁 巧 之 味 排 隊 吃 水 餃 ～,1
308,瑄 瑄,1 0   個 月 前,4,經 濟 實 惠 的 小 吃  鍾 愛 蝦 仁 炒 手 👍 好 吃 😋,1
309,黃 嵩 驊,2   年 前,1,嬰 兒 不 友 善 餐 廳  店 家 自 己 就 都 不 要 帶 嬰 兒 出 門  如 果 還 沒 生 祝 你 們 早 日 有 喜  如 果 還 沒 大 也 祝 你 們 早 日 有 囍  祝 福 你 們 一 生 平 安 。,1
310,K e l e n 魅,3   年 前,1,點 咖 哩 飯   裡 面 沒 放 肉 片  問 老 板 情 況  只 說 不 好 意 思  可 是 我 付 1 0 0 元 的 咖 哩 飯 阿  態 度 非 常 糟 糕 也 沒 補 沒 肉 片 的 費 用  就 以 不 好 意 思 打 發 我    千 千 萬 萬 別 去  以 後 不 會 再 來 了 。,1
311,Y i n g T i n g   C h e n,2   年 前,5,水 餃 感 覺 比 隔 壁 巧 之 味 好 吃  鍋 貼 也 煎 的 很 好 。 酸 辣 湯 夠 味 很 棒 ！,1
312,G u n g   G u n g,2   年 前,5,老 北 京 炸 醬 麵 香 氣 夠  吃 起 來 也 不 錯  水 餃 很 大 顆  料 多 很 實 在  肉 也 不 會 有 味 道,1
313,a m y,3   年 前,5,雖 然 出 餐 稍 微 等 了 一 下  但 不 錯 吃  隔 壁 桌 點 牛 肉 丼 飯  老 闆 給 比 較 多 肉 還 特 別 叮 嚀 說 「 因 為 快 打 烊 給 比 較 多  下 次 可 能 沒 這 麼 多 ～ 」 實 在 太 可 愛 👍 🏻,1
314,R o b y n   H u a n g,1   年 前,4,好 吃 ！ 但 辣 度 非 常 不 辣   價 位 偏 貴   吃 不 太 飽,1
315,S e l e n e   W a n g,6   年 前,4,半 自 助 式  用 餐 時 間 人 多 會 等 稍 久  沒 耐 心 的 人 不 建 議 內 用  剛 出 爐 的 鍋 貼 很 好 吃  皮 酥 內 軟  水 餃 也 不 錯  不 想 排 隔 壁 的 可 以 試 試,1
316,s h i a n g   a o,5   年 前,2,全 是 美 耐 皿 餐 具  美 耐 皿 碗 裝 熱 湯 不 優 。 點 了 番 茄 肉 醬 麵  鍋 貼  餛 飩 湯  只 有 鍋 貼 還 可 以 。,1
317,蘇 民,6   年 前,2,酢 醬 麵  份 量 小  醬 的 味 道 不 好 。  抄 手 麵  份 量 小  餛 飩 沒 味 道  上 桌 就 有 一 顆 餛 飩 皮 散 開 了 。,1
318,L y d i a,4   年 前,1,今 天 去 買 水 餃 跟 鍋 貼  剛 給 完 單 子 沒 等 我 講 話 就 轉 身 去 裝  前 面 的 大 姐 提 醒 說 我 要 自 備 容 器  她 還 說 我 太 晚 講 下 次 要 早 點 說  服 務 態 度 已 經 很 不 好 了  結 果 回 去 發 現 連 鍋 貼 都 少 給  整 個 火 都 上 來  價 位 也 偏 貴 !,1
319,台 北 肖 告,4   個 月 前,1,服 務 生 素 質 不 太 好,1
320,K e l e n 魅,3   年 前,1,點 咖 哩 飯   裡 面 沒 放 肉 片  問 老 板 情 況  只 說 不 好 意 思  可 是 我 付 1 0 0 元 的 咖 哩 飯 阿  態 度 非 常 糟 糕 也 沒 補 沒 肉 片 的 費 用  就 以 不 好 意 思 打 發 我    千 千 萬 萬 別 去  以 後 不 會 再 來 了 。,1
321,Y i n g T i n g   C h e n,2   年 前,5,水 餃 感 覺 比 隔 壁 巧 之 味 好 吃  鍋 貼 也 煎 的 很 好 。 酸 辣 湯 夠 味 很 棒 ！,1
322,G u n g   G u n g,2   年 前,5,老 北 京 炸 醬 麵 香 氣 夠  吃 起 來 也 不 錯  水 餃 很 大 顆  料 多 很 實 在  肉 也 不 會 有 味 道,1
323,a m y,3   年 前,5,雖 然 出 餐 稍 微 等 了 一 下  但 不 錯 吃  隔 壁 桌 點 牛 肉 丼 飯  老 闆 給 比 較 多 肉 還 特 別 叮 嚀 說 「 因 為 快 打 烊 給 比 較 多  下 次 可 能 沒 這 麼 多 ～ 」 實 在 太 可 愛 👍 🏻,1
324,R o b y n   H u a n g,1   年 前,4,好 吃 ！ 但 辣 度 非 常 不 辣   價 位 偏 貴   吃 不 太 飽,1
325,S e l e n e   W a n g,6   年 前,4,半 自 助 式  用 餐 時 間 人 多 會 等 稍 久  沒 耐 心 的 人 不 建 議 內 用  剛 出 爐 的 鍋 貼 很 好 吃  皮 酥 內 軟  水 餃 也 不 錯  不 想 排 隔 壁 的 可 以 試 試,1
326,s h i a n g   a o,5   年 前,2,全 是 美 耐 皿 餐 具  美 耐 皿 碗 裝 熱 湯 不 優 。 點 了 番 茄 肉 醬 麵  鍋 貼  餛 飩 湯  只 有 鍋 貼 還 可 以 。,1
327,蘇 民,6   年 前,2,酢 醬 麵  份 量 小  醬 的 味 道 不 好 。  抄 手 麵  份 量 小  餛 飩 沒 味 道  上 桌 就 有 一 顆 餛 飩 皮 散 開 了 。,1
328,L y d i a,4   年 前,1,今 天 去 買 水 餃 跟 鍋 貼  剛 給 完 單 子 沒 等 我 講 話 就 轉 身 去 裝  前 面 的 大 姐 提 醒 說 我 要 自 備 容 器  她 還 說 我 太 晚 講 下 次 要 早 點 說  服 務 態 度 已 經 很 不 好 了  結 果 回 去 發 現 連 鍋 貼 都 少 給  整 個 火 都 上 來  價 位 也 偏 貴 !,1
329,台 北 肖 告,4   個 月 前,1,服 務 生 素 質 不 太 好,1
330,j a n e   t a b o,3   年 前,4,鍋 貼 好 吃  玉 米 濃 湯 酸 辣 湯 都 好 喝  根 本 不 用 去 排 隔 壁 普 普 通 通 的 店,1
331,z e l d a   c h e n,4   年 前,5,在 名 店 巧 之 味 隔 壁  時 常 被 消 費 者 冷 落  但 他 們 家 的 鍋 貼 跟 炸 醬 麵 都 蠻 好 吃 的 ！,1
332,J .   H u,4   年 前,4,鍋 貼 好 吃 ！ 常 常 六 點 多 就 沒 有 招 牌 鍋 貼 所 以 少 一 顆 星,1
333,C i n d y   L i n,2   年 前,1,沒 什 麼 人  等 了 1 5 分 鐘 以 上  其 他 晚 到 的 人 比 我 早 上 。 鍋 貼 很 油  建 議 吃 隔 壁 。,1
334,J a s o n   L i u,2   年 前,1,餐 點 很 普 通  服 務 態 度 很 差  真 的 很 差  會 擺 臉 色 然 後 碎 碎 念  超 討 厭  絕 不 會 再 來 第 二 次 ！,1
335,陳 美 枝,1   年 前,5,外 帶 冷 凍 韭 菜 水 餃 、 蝦 仁 餛 飩 自 己 煮 都 很 好 吃 👍,1
336,伯 特 蕭,4   年 前,5,韮 菜  高 麗 菜 鍋 貼  鮮 蝦 抄 手 都 很 好 吃  酸 辣 湯 好 喝  價 位 算 平 易 近 人  用 餐 環 境 也 很 舒 適,1
337,阿 彰,5   年 前,3,水 餃 口 味 以 高 麗 菜 為 主  較 隔 壁 巧 之 味 水 餃 口 味 少  但 另 有 麵 和 飯 等 可 選 擇  較 多 樣 化  兩 家 各 有 特 色 。,1
338,C   T e r e s a,6   年 前,2,用 餐 時 間 很 混 亂 態 度 差  菜 單 點 了 沒 人 要 收 說 放 櫃 檯 就 好  但 後 面 到 的 客 人 點 的 食 物 一 樣 但 餐 點 上 的 早 很 多 。 不 知 道 在 等 什 麼 讓 人 情 緒 很 差 。,1
339,L i n   L i n,4   年 前,3,東 西 普 通  常 常 湯 都 賣 光 。 因 為 很 多 人 是 想 去 旁 邊 的 巧 之 味 吃 水 餃  但 人 太 多  所 以 將 就 旁 邊 吃 。,1
340,j a n e   t a b o,3   年 前,4,鍋 貼 好 吃  玉 米 濃 湯 酸 辣 湯 都 好 喝  根 本 不 用 去 排 隔 壁 普 普 通 通 的 店,1
341,z e l d a   c h e n,4   年 前,5,在 名 店 巧 之 味 隔 壁  時 常 被 消 費 者 冷 落  但 他 們 家 的 鍋 貼 跟 炸 醬 麵 都 蠻 好 吃 的 ！,1
342,J .   H u,4   年 前,4,鍋 貼 好 吃 ！ 常 常 六 點 多 就 沒 有 招 牌 鍋 貼 所 以 少 一 顆 星,1
343,C i n d y   L i n,2   年 前,1,沒 什 麼 人  等 了 1 5 分 鐘 以 上  其 他 晚 到 的 人 比 我 早 上 。 鍋 貼 很 油  建 議 吃 隔 壁 。,1
344,J a s o n   L i u,2   年 前,1,餐 點 很 普 通  服 務 態 度 很 差  真 的 很 差  會 擺 臉 色 然 後 碎 碎 念  超 討 厭  絕 不 會 再 來 第 二 次 ！,1
345,陳 美 枝,1   年 前,5,外 帶 冷 凍 韭 菜 水 餃 、 蝦 仁 餛 飩 自 己 煮 都 很 好 吃 👍,1
346,伯 特 蕭,4   年 前,5,韮 菜  高 麗 菜 鍋 貼  鮮 蝦 抄 手 都 很 好 吃  酸 辣 湯 好 喝  價 位 算 平 易 近 人  用 餐 環 境 也 很 舒 適,1
347,阿 彰,5   年 前,3,水 餃 口 味 以 高 麗 菜 為 主  較 隔 壁 巧 之 味 水 餃 口 味 少  但 另 有 麵 和 飯 等 可 選 擇  較 多 樣 化  兩 家 各 有 特 色 。,1
348,C   T e r e s a,6   年 前,2,用 餐 時 間 很 混 亂 態 度 差  菜 單 點 了 沒 人 要 收 說 放 櫃 檯 就 好  但 後 面 到 的 客 人 點 的 食 物 一 樣 但 餐 點 上 的 早 很 多 。 不 知 道 在 等 什 麼 讓 人 情 緒 很 差 。,1
349,L i n   L i n,4   年 前,3,東 西 普 通  常 常 湯 都 賣 光 。 因 為 很 多 人 是 想 去 旁 邊 的 巧 之 味 吃 水 餃  但 人 太 多  所 以 將 就 旁 邊 吃 。,1
350,A n d y   H s i e h,4   年 前,4,鍋 貼 酥 脆  好 吃  只 是 吃 多 了 就 覺 得 有 點 硬 有 點 難 嚼 了  嘴 咬 得 累 了 … …,1
351,Y u - Y i n g   L i a n g    P e a r l ,6   年 前,3,隔 壁 巧 之 味 大 排 長 龍 所 以 吃 這 間  店 面 乾 淨  水 餃 鍋 貼 不 錯 吃  酸 辣 湯 也 不 錯 ～,1
352,林 崇 熙,6   年 前,5,注 意 老 闆 娘 是 y o u n g  蔥 油 麵  北 京 老 炸 醬 麵  鍋 貼  水 餃  韭 菜  高 麗 菜  。 小 菜 更 是 養 生,1
353,黃 郁 真,3   年 前,4,巧 之 味 沒 開 可 以 來 吃 這 家  味 道 還 算 不 錯 品 項 也 多  小 菜 好 吃,1
354,張 暘,5   個 月 前,3,鍋 貼 肉 少 偏 油,1
355,林 大 淵,4   年 前,1,點 1 0 顆 水 餃  店 家 為 貪 圖 方 便  想 給 我 9 顆 水 餃 + 1 顆 鍋 貼 . . . 然 後 聽 到 隔 壁 桌 說 水 餃 沒 熟 @ @,1
356,S y l v i a,4   年 前,1,態 度 很 差  先 入 為 主 鬼 打 牆 的 重 複 完 全 沒 問 的 資 訊  還 搞 得 客 人 問 了 什 麼 白 癡 問 題  不 特 別 好 吃 不 特 別 難 吃  不 用 特 地 光 顧,1
357,A s h,5   年 前,5,抄 手 的 口 感 很 好  鍋 貼 跟 水 餃 一 律 5 元 平 價 好 吃  吃 連 鎖 不 如 吃 這 間,1
358,楊 泥 歐,1   年 前,4,水 餃 口 感 好  每 桌 都 有 隔 板 設 置  有 行 動 支 付 。,1
359,王 樂 蒂,6   年 前,5,雖 然 不 像 隔 壁 有 名  但 是 店 面 環 境 明 亮 不 吵 鬧  好 好 吃 頓 飯 很 好 。 口 味 雖 不 突 出 卻 相 當 平 易 近 人 ～ 好 吃 ！,1
360,A n d y   H s i e h,4   年 前,4,鍋 貼 酥 脆  好 吃  只 是 吃 多 了 就 覺 得 有 點 硬 有 點 難 嚼 了  嘴 咬 得 累 了 … …,1
361,Y u - Y i n g   L i a n g    P e a r l ,6   年 前,3,隔 壁 巧 之 味 大 排 長 龍 所 以 吃 這 間  店 面 乾 淨  水 餃 鍋 貼 不 錯 吃  酸 辣 湯 也 不 錯 ～,1
362,林 崇 熙,6   年 前,5,注 意 老 闆 娘 是 y o u n g  蔥 油 麵  北 京 老 炸 醬 麵  鍋 貼  水 餃  韭 菜  高 麗 菜  。 小 菜 更 是 養 生,1
363,黃 郁 真,3   年 前,4,巧 之 味 沒 開 可 以 來 吃 這 家  味 道 還 算 不 錯 品 項 也 多  小 菜 好 吃,1
364,張 暘,5   個 月 前,3,鍋 貼 肉 少 偏 油,1
365,林 大 淵,4   年 前,1,點 1 0 顆 水 餃  店 家 為 貪 圖 方 便  想 給 我 9 顆 水 餃 + 1 顆 鍋 貼 . . . 然 後 聽 到 隔 壁 桌 說 水 餃 沒 熟 @ @,1
366,S y l v i a,4   年 前,1,態 度 很 差  先 入 為 主 鬼 打 牆 的 重 複 完 全 沒 問 的 資 訊  還 搞 得 客 人 問 了 什 麼 白 癡 問 題  不 特 別 好 吃 不 特 別 難 吃  不 用 特 地 光 顧,1
367,A s h,5   年 前,5,抄 手 的 口 感 很 好  鍋 貼 跟 水 餃 一 律 5 元 平 價 好 吃  吃 連 鎖 不 如 吃 這 間,1
368,楊 泥 歐,1   年 前,4,水 餃 口 感 好  每 桌 都 有 隔 板 設 置  有 行 動 支 付 。,1
369,王 樂 蒂,6   年 前,5,雖 然 不 像 隔 壁 有 名  但 是 店 面 環 境 明 亮 不 吵 鬧  好 好 吃 頓 飯 很 好 。 口 味 雖 不 突 出 卻 相 當 平 易 近 人 ～ 好 吃 ！,1
370,G a b r i e l,4   年 前,1,買 到 最 後 一 碗 酸 辣 湯  滿 明 顯 應 該 是 稀 釋 過 的 。 。 。  之 前 吃 過 他 的 酸 辣 湯 ,1
371,S u p e r m a m a 靜 子 媽 媽,1   年 前,5,好 吃 的 巧 之 味 水 餃 和 麵 食,1
372,Y u f y   C h e n g,3   年 前,1,態 度 超 差  忙 歸 忙  但 不 應 該 直 接 把 外 帶 客 人 晾 在 旁 邊 1 0 分 鐘 都 不 收 單 子 吧  當 空 氣,1
373,E d w a r d   X i e,2   年 前,2,建 議 專 心 賣 水 餃 和 鍋 貼 就 好  不 要 再 賣 丼 飯 跟 烏 龍 麵 了  拜 託,1
374,m y r t e l 2 1 2 1,5   年 前,3,鍋 貼 蠻 好 吃  但 中 午 一 點 韓 式 口 味 居 然 已 經 賣 光 讓 人 有 點 失 望,1
375,侯 品 睿,3   年 前,1,服 務 態 度 極 差  本 來 說 外 帶 拿 到 再 付  後 來 又 叫 我 們 先 付  態 度 還 很 差   店 員 未 配 戴 口 罩 。,1
376,到 處 走 走,8   個 月 前,1,有 問 題 的 店 員 不 適 合 做 服 務 業 ！ ！ ！,1
377,鄧 立 潔,4   年 前,5,超 喜 歡 他 們 家 的 炸 醬 麵 ！ 麵 條 有 嚼 勁 。 店 內 環 境 整 潔 舒 適 。,1
378,W e i   L i n    陶 ,2   年 前,5,位 置 略 小  有 些 商 品 異 常 的 貴  有 些 正 常 。  食 物 都 還 算 不 錯 ~ ~ 中 規 中 矩 !,1
379,J a c k   H s u,6   年 前,5,水 餃 好 吃  個 人 感 覺 比 隔 壁 的 巧 之 味 好 吃  尤 其 是 韭 菜 水 吃 過 忘 不 了,1
380,G a b r i e l,4   年 前,1,買 到 最 後 一 碗 酸 辣 湯  滿 明 顯 應 該 是 稀 釋 過 的 。 。 。  之 前 吃 過 他 的 酸 辣 湯 ,1
381,S u p e r m a m a 靜 子 媽 媽,1   年 前,5,好 吃 的 巧 之 味 水 餃 和 麵 食,1
382,Y u f y   C h e n g,3   年 前,1,態 度 超 差  忙 歸 忙  但 不 應 該 直 接 把 外 帶 客 人 晾 在 旁 邊 1 0 分 鐘 都 不 收 單 子 吧  當 空 氣,1
383,E d w a r d   X i e,2   年 前,2,建 議 專 心 賣 水 餃 和 鍋 貼 就 好  不 要 再 賣 丼 飯 跟 烏 龍 麵 了  拜 託,1
384,m y r t e l 2 1 2 1,5   年 前,3,鍋 貼 蠻 好 吃  但 中 午 一 點 韓 式 口 味 居 然 已 經 賣 光 讓 人 有 點 失 望,1
385,侯 品 睿,3   年 前,1,服 務 態 度 極 差  本 來 說 外 帶 拿 到 再 付  後 來 又 叫 我 們 先 付  態 度 還 很 差   店 員 未 配 戴 口 罩 。,1
386,到 處 走 走,8   個 月 前,1,有 問 題 的 店 員 不 適 合 做 服 務 業 ！ ！ ！,1
387,鄧 立 潔,4   年 前,5,超 喜 歡 他 們 家 的 炸 醬 麵 ！ 麵 條 有 嚼 勁 。 店 內 環 境 整 潔 舒 適 。,1
388,W e i   L i n    陶 ,2   年 前,5,位 置 略 小  有 些 商 品 異 常 的 貴  有 些 正 常 。  食 物 都 還 算 不 錯 ~ ~ 中 規 中 矩 !,1
389,J a c k   H s u,6   年 前,5,水 餃 好 吃  個 人 感 覺 比 隔 壁 的 巧 之 味 好 吃  尤 其 是 韭 菜 水 吃 過 忘 不 了,1
390,Y A N G 奇 境,2   年 前,4,鍋 貼 不 錯 吃   很 脆  烏 龍 麵 份 量 蠻 多 的,1
391,K e n n e t h   L a i,5   年 前,5,鍋 貼 配 上 店 家 自 己 調 配 的 沾 醬  美 味 ！  酸 辣 湯 也 好 喝,1
392,黃 致 澄,1   年 前,5,鍋 貼 很 棒  肉 燥 飯 瘦 肉 的 很 好 吃 ~ ~,1
393,陳 政 道,4   年 前,5,裡 面 綠 色 頭 髮 的 店 員 好 m a n 又 帥  做 事 積 極 服 務 態 度 很 棒  一 直 想 跟 他 要 賴 但 都 找 不 到 機 會,1
394,Y o l a n d a 7 4   C h e n,5   年 前,4,東 西 都 很 好 吃  尤 其 鍋 貼 及 蝦 仁 餛 飩 湯 我 最 愛 ~,1
395,柯 基,2   年 前,2,旁 邊 太 多 人  只 能 過 來 這 邊 吃  吃 完 才 覺 得 難 怪 有 位 置,1
396,N I C K    N I C K   太 郎 ,3   年 前,5,意 外 地 覺 得 還 不 錯   麵 類 水 餃 湯 類   都 蠻 好 吃 的,1
397,陳 B e n,2   年 前,3,我 吃 鍋 貼  很 油 ！  覺 得 可 以 做 的 更 好 吃 ！,1
398,N e l s o n   W u,5   年 前,3,用 餐 環 境 清 潔 明 亮  食 物 雖 無 特 別 驚 豔 之 處  但 價 格 實 惠  是 平 日 單 人 或 小 家 庭 用 餐 的 好 選 擇 。,1
399,u i   M i l s y,1   年 前,5,蔥 油 麵 跟 鍋 貼 都 很 好 吃,1
400,Y A N G 奇 境,2   年 前,4,鍋 貼 不 錯 吃   很 脆  烏 龍 麵 份 量 蠻 多 的,1
401,K e n n e t h   L a i,5   年 前,5,鍋 貼 配 上 店 家 自 己 調 配 的 沾 醬  美 味 ！  酸 辣 湯 也 好 喝,1
402,黃 致 澄,1   年 前,5,鍋 貼 很 棒  肉 燥 飯 瘦 肉 的 很 好 吃 ~ ~,1
403,陳 政 道,4   年 前,5,裡 面 綠 色 頭 髮 的 店 員 好 m a n 又 帥  做 事 積 極 服 務 態 度 很 棒  一 直 想 跟 他 要 賴 但 都 找 不 到 機 會,1
404,Y o l a n d a 7 4   C h e n,5   年 前,4,東 西 都 很 好 吃  尤 其 鍋 貼 及 蝦 仁 餛 飩 湯 我 最 愛 ~,1
405,柯 基,2   年 前,2,旁 邊 太 多 人  只 能 過 來 這 邊 吃  吃 完 才 覺 得 難 怪 有 位 置,1
406,N I C K    N I C K   太 郎 ,3   年 前,5,意 外 地 覺 得 還 不 錯   麵 類 水 餃 湯 類   都 蠻 好 吃 的,1
407,陳 B e n,2   年 前,3,我 吃 鍋 貼  很 油 ！  覺 得 可 以 做 的 更 好 吃 ！,1
408,N e l s o n   W u,5   年 前,3,用 餐 環 境 清 潔 明 亮  食 物 雖 無 特 別 驚 豔 之 處  但 價 格 實 惠  是 平 日 單 人 或 小 家 庭 用 餐 的 好 選 擇 。,1
409,u i   M i l s y,1   年 前,5,蔥 油 麵 跟 鍋 貼 都 很 好 吃,1
410,r i v e r   h s i a o,4   年 前,4,鍋 貼 滿 好 吃  水 餃 一 般 。 其 他 的 麵 飯 也 不 錯 。,1
411,C h r i s   Y u,1   年 前,5,麵 條 很 特 別  蔥 油 拌 麵 很 好 吃  必 點,1
412,D u s t i n   C h a n g,3   年 前,5,開 在 巧 之 味 名 店 旁 還 能 屹 立 不 搖  你 們 不 會 佩 服 、 好 奇  想 吃 看 看 嗎 ？,1
413,R a y m o n d   H u a n g,4   年 前,4,鍋 貼 便 宜 美 味  缺 點 是 店 內 油 煙 味 有 點 重,1
414,吳 登 翔,4   年 前,1,沒 特 別 好 吃 又 貴  容 易 漏 單 或 做 錯  想 嘗 試 的 請 三 思,1
415,S h a n g - F a n g   Y a n g,3   年 前,4,水 餃 和 鍋 貼 的 份 量 稍 微 少 了 一 點  但 也 是 好 吃 的 。,1
416,S e a n   C h i a n g,6   年 前,4,水 餃 跟 鍋 貼 比 期 待 的 好 吃  尤 其 水 餃 很 紮 實  肉 很 甜,1
417,K . J .   C h e n,2   年 前,5,水 餃 料 多 實 在,1
418,上 瑋 葉,2   年 前,1,店 員 態 度 極 差   非 常 沒 禮 貌   東 西 又 不 是 很 好 吃   非 常 不 推,1
419,J o n a t h a n,2   年 前,5,韭 菜 水 餃 很 清 爽 ！ 大 愛 。 餛 飩 跟 玉 米 湯 也 喜 歡 。,1
420,r i v e r   h s i a o,4   年 前,4,鍋 貼 滿 好 吃  水 餃 一 般 。 其 他 的 麵 飯 也 不 錯 。,1
421,C h r i s   Y u,1   年 前,5,麵 條 很 特 別  蔥 油 拌 麵 很 好 吃  必 點,1
422,D u s t i n   C h a n g,3   年 前,5,開 在 巧 之 味 名 店 旁 還 能 屹 立 不 搖  你 們 不 會 佩 服 、 好 奇  想 吃 看 看 嗎 ？,1
423,R a y m o n d   H u a n g,4   年 前,4,鍋 貼 便 宜 美 味  缺 點 是 店 內 油 煙 味 有 點 重,1
424,吳 登 翔,4   年 前,1,沒 特 別 好 吃 又 貴  容 易 漏 單 或 做 錯  想 嘗 試 的 請 三 思,1
425,S h a n g - F a n g   Y a n g,3   年 前,4,水 餃 和 鍋 貼 的 份 量 稍 微 少 了 一 點  但 也 是 好 吃 的 。,1
426,S e a n   C h i a n g,6   年 前,4,水 餃 跟 鍋 貼 比 期 待 的 好 吃  尤 其 水 餃 很 紮 實  肉 很 甜,1
427,K . J .   C h e n,2   年 前,5,水 餃 料 多 實 在,1
428,上 瑋 葉,2   年 前,1,店 員 態 度 極 差   非 常 沒 禮 貌   東 西 又 不 是 很 好 吃   非 常 不 推,1
429,J o n a t h a n,2   年 前,5,韭 菜 水 餃 很 清 爽 ！ 大 愛 。 餛 飩 跟 玉 米 湯 也 喜 歡 。,1
430,就 是 鮮 本 舖 許 家 雄,6   年 前,4,用 餐 環 境   明 亮 衛 生   ~   鍋 貼 水 餃   都 算 好 吃   . . .,1
431,D a n i e l   L e e    P O N I N G _ S T U D I O ,6   年 前,4,不 錯 吃 ！,1
432,A s h   T s a i,5   年 前,3,價 格 略 高 於 連 鎖 鍋 貼 店  但 比 連 鎖 鍋 貼 店 好 吃 !,1
433,J a s o n   T s a i,1   年 前,5,物 有 所 值 。 吃 八 分 或 四 海 不 如 來 味 香,1
434,B r i a n   L i a o,2   年 前,5,水 餃 酸 辣 湯 都 好 吃  平 價 美 食,1
435,育 政 莊,6   年 前,3,比 起 2 0 1 6 年  2 0 1 7 年 感 覺 鍋 貼 和 水 餃 縮 水  但 價 錢 沒 變 。,1
436,欣 怡,3   年 前,1,摸 錢 再 直 接 摸 食 物   真 的 超 級   不   衛   生   現 在 防 疫 期 間 還 那 麼 糟 糕 =   =,1
437,蕭 沁 芬,2   年 前,4,點 了 老 虎 麵 跟 麻 婆 豆 腐 麵 都 很 好 吃 ！,1
438,施 怡 瑄 B i l l y,5   年 前,1,味 道 跟 忠 孝 東 路 那 家 店 差 很 多  不 好 吃 ～ ！,1
439,Y u n g - J e n   H u a n g,3   年 前,4,玉 米 濃 湯 好 吃 ！ 鍋 貼 皮 很 脆,1
440,就 是 鮮 本 舖 許 家 雄,6   年 前,4,用 餐 環 境   明 亮 衛 生   ~   鍋 貼 水 餃   都 算 好 吃   . . .,1
441,D a n i e l   L e e    P O N I N G _ S T U D I O ,6   年 前,4,不 錯 吃 ！,1
442,A s h   T s a i,5   年 前,3,價 格 略 高 於 連 鎖 鍋 貼 店  但 比 連 鎖 鍋 貼 店 好 吃 !,1
443,J a s o n   T s a i,1   年 前,5,物 有 所 值 。 吃 八 分 或 四 海 不 如 來 味 香,1
444,B r i a n   L i a o,2   年 前,5,水 餃 酸 辣 湯 都 好 吃  平 價 美 食,1
445,育 政 莊,6   年 前,3,比 起 2 0 1 6 年  2 0 1 7 年 感 覺 鍋 貼 和 水 餃 縮 水  但 價 錢 沒 變 。,1
446,欣 怡,3   年 前,1,摸 錢 再 直 接 摸 食 物   真 的 超 級   不   衛   生   現 在 防 疫 期 間 還 那 麼 糟 糕 =   =,1
447,蕭 沁 芬,2   年 前,4,點 了 老 虎 麵 跟 麻 婆 豆 腐 麵 都 很 好 吃 ！,1
448,施 怡 瑄 B i l l y,5   年 前,1,味 道 跟 忠 孝 東 路 那 家 店 差 很 多  不 好 吃 ～ ！,1
449,Y u n g - J e n   H u a n g,3   年 前,4,玉 米 濃 湯 好 吃 ！ 鍋 貼 皮 很 脆,1
450,L i u   J o a n n e,3   年 前,5,中 午 人 多   老 虎 面 好 吃   價 格 不 算 貴   c p 值 高,1
451,柯 志 明,2   年 前,5,好 吃  人 就 很 多  但 一 不 會 等 很 久 。,1
452,T s u - M e i   K u,1 0   個 月 前,4,每 次 都 吃 雙 醬 麵,1
453,閻 麗 蓉,6   年 前,2,口 味 一 般  不 算 有 特 色  店 面 環 境 空 間 還 行 ~,1
454,T . I .   S u n g,3   年 前,1,一 直 逼 人 換 口 味 的 鍋 貼 店  店 員 態 度 極 差,1
455,M   B i l l i o n a i r e,3   年 前,1,難 吃  店 員 態 度 也 差  就 ⋯ ⋯ 在 巧 之 味 旁 邊 蹭 熱 度,1
456,S e a n   Y u,4   年 前,5,煎 餃 不 錯 真 的 好 吃  搭 配 酸 辣 湯 更 好 。,1
457,S z u - h u n g   F a n g,5   年 前,4,炸 醬 麵 麵 條 Q 彈  醬 香 濃 郁  但 味 道 有 點 過 鹹,1
458,A l a n   T s u e i,6   年 前,3,和 隔 壁 比 起 來 稍 微 差 了 一 點  但 仍 然 是 個 吃 水 餃 的 好 地 方,1
459,A m i l y   F a n,3   年 前,1,服 務 態 度 不 佳   且   乾 麵 做 的 像 湯 麵 ⋯ ⋯ 不 能 接 受,1
460,L i u   J o a n n e,3   年 前,5,中 午 人 多   老 虎 面 好 吃   價 格 不 算 貴   c p 值 高,1
461,柯 志 明,2   年 前,5,好 吃  人 就 很 多  但 一 不 會 等 很 久 。,1
462,T s u - M e i   K u,1 0   個 月 前,4,每 次 都 吃 雙 醬 麵,1
463,閻 麗 蓉,6   年 前,2,口 味 一 般  不 算 有 特 色  店 面 環 境 空 間 還 行 ~,1
464,T . I .   S u n g,3   年 前,1,一 直 逼 人 換 口 味 的 鍋 貼 店  店 員 態 度 極 差,1
465,M   B i l l i o n a i r e,3   年 前,1,難 吃  店 員 態 度 也 差  就 ⋯ ⋯ 在 巧 之 味 旁 邊 蹭 熱 度,1
466,S e a n   Y u,4   年 前,5,煎 餃 不 錯 真 的 好 吃  搭 配 酸 辣 湯 更 好 。,1
467,S z u - h u n g   F a n g,5   年 前,4,炸 醬 麵 麵 條 Q 彈  醬 香 濃 郁  但 味 道 有 點 過 鹹,1
468,A l a n   T s u e i,6   年 前,3,和 隔 壁 比 起 來 稍 微 差 了 一 點  但 仍 然 是 個 吃 水 餃 的 好 地 方,1
469,A m i l y   F a n,3   年 前,1,服 務 態 度 不 佳   且   乾 麵 做 的 像 湯 麵 ⋯ ⋯ 不 能 接 受,1
470,林 右,6   年 前,4,鍋 貼 還 不 錯  只 是 巧 之 味 太 紅 了,1
471,W e i L i n g   L e e,3   年 前,3,水 餃 鍋 貼 麵 食 類 選 擇 多 樣  價 格 平 實,1
472,張 睿 騰,2   年 前,5,豬 五 花 飯  肉 多 飯 好 吃 。 值 得 常 常 光 顧 。,1
473,洪 志 松,3   年 前,3,我 是 北 商 大 學 生 、 最 愛 老 北 京 酢 醬 麵,1
474,P a n c a k e   P . L .,3   年 前,2,結 帳 要 算 清 楚  前 兩 次 各 多 算 5 0  這 次 少 找 2 0   . . .,1
475,張 寶 根,2   年 前,4,小 菜 清 爽 鍋 貼 好 吃 皮 脆 肉 嫩,1
476,V i v i a n   L u n g,5   年 前,5,水 餃  鍋 貼  抄 手  麵 食 通 通 有 且 不 錯 吃,1
477,c h e n g   h s u,2   年 前,2,鍋 貼 都 冷 的  不 好 吃 。,1
478,A l i n a   N i e n,4   年 前,4,餛 飩 好 吃  鍋 貼 皮 酥 酥 脆 脆 的 很 香,1
479,李 志 超,3   年 前,5,鍋 貼 好 滋 味  豆 漿 好 喝  麵 食 也 是 可 口,1
480,林 右,6   年 前,4,鍋 貼 還 不 錯  只 是 巧 之 味 太 紅 了,1
481,W e i L i n g   L e e,3   年 前,3,水 餃 鍋 貼 麵 食 類 選 擇 多 樣  價 格 平 實,1
482,張 睿 騰,2   年 前,5,豬 五 花 飯  肉 多 飯 好 吃 。 值 得 常 常 光 顧 。,1
483,洪 志 松,3   年 前,3,我 是 北 商 大 學 生 、 最 愛 老 北 京 酢 醬 麵,1
484,P a n c a k e   P . L .,3   年 前,2,結 帳 要 算 清 楚  前 兩 次 各 多 算 5 0  這 次 少 找 2 0   . . .,1
485,張 寶 根,2   年 前,4,小 菜 清 爽 鍋 貼 好 吃 皮 脆 肉 嫩,1
486,V i v i a n   L u n g,5   年 前,5,水 餃  鍋 貼  抄 手  麵 食 通 通 有 且 不 錯 吃,1
487,c h e n g   h s u,2   年 前,2,鍋 貼 都 冷 的  不 好 吃 。,1
488,A l i n a   N i e n,4   年 前,4,餛 飩 好 吃  鍋 貼 皮 酥 酥 脆 脆 的 很 香,1
489,李 志 超,3   年 前,5,鍋 貼 好 滋 味  豆 漿 好 喝  麵 食 也 是 可 口,1
490,B i m m e r . D,2   年 前,5,牛 五 花 丼 飯 有 夠 好 吃 一 定 要 點 ！,1
491,G e o r g e   C h e n,4   年 前,4,稍 貴     味 道 還 不 錯     推 薦 鍋 貼,1
492,王 一 勛,4   年 前,4,餃 子 跟 湯 都 好 吃  而 且 不 用 等 很 久 。,1
493,I r e n e   W a n g,3   年 前,4,水 餃 、 煎 餃 很 好 吃 無 需 等 隔 壁 的 巧 之 味 水 餃 店,1
494,陳 俊 翔,1   年 前,4,不 錯 的 小 吃 店     環 境 乾 淨,1
495,S t e v e n   L e e,6   年 前,4,口 味 不 錯  生 意 佳  用 餐 時 段 人 很 多 。,1
496,J u l i e   L e e,3   年 前,5,剛 煎 好 的 真 的 好 好 吃 哦 ！ 鍋 貼 推 推 推 ！,1
497,k e n n y   c h i,6   年 前,1,很 糟  不 信 先 買 1 0 顆 吃 吃 看 即 知,1
498,薛 健 宏,5   年 前,4,口 味 好 吃  平 價  旁 邊 有 收 費 停 車 場 !,1
499,M e n g l i n   W u,3   年 前,5,上 班 午 餐 好 選 擇  青 菜 湯 超 讚 ！,1
500,B i m m e r . D,2   年 前,5,牛 五 花 丼 飯 有 夠 好 吃 一 定 要 點 ！,1
501,G e o r g e   C h e n,4   年 前,4,稍 貴     味 道 還 不 錯     推 薦 鍋 貼,1
502,王 一 勛,4   年 前,4,餃 子 跟 湯 都 好 吃  而 且 不 用 等 很 久 。,1
503,I r e n e   W a n g,3   年 前,4,水 餃 、 煎 餃 很 好 吃 無 需 等 隔 壁 的 巧 之 味 水 餃 店,1
504,陳 俊 翔,1   年 前,4,不 錯 的 小 吃 店     環 境 乾 淨,1
505,S t e v e n   L e e,6   年 前,4,口 味 不 錯  生 意 佳  用 餐 時 段 人 很 多 。,1
506,J u l i e   L e e,3   年 前,5,剛 煎 好 的 真 的 好 好 吃 哦 ！ 鍋 貼 推 推 推 ！,1
507,k e n n y   c h i,6   年 前,1,很 糟  不 信 先 買 1 0 顆 吃 吃 看 即 知,1
508,薛 健 宏,5   年 前,4,口 味 好 吃  平 價  旁 邊 有 收 費 停 車 場 !,1
509,M e n g l i n   W u,3   年 前,5,上 班 午 餐 好 選 擇  青 菜 湯 超 讚 ！,1
510,K y o t o   S a n a d a,5   年 前,4,終 於 在 台 灣 吃 到 酥 脆 外 皮 鍋 貼   讚,1
511,鄭 怡 柔,6   年 前,1,服 務 態 度 不 佳   還 沒 吃 完 就 被 收 走 餐 盤,1
512,W e i - L i n   C h e n,2   年 前,4,就 一 般 店  肚 子 餓 解 餓 還 行 。,1
513,J e n n i f e r   Z h a n g,3   年 前,4,很 喜 歡 的 店   座 位 舒 服   食 物 也 好 吃,1
514,郭 清 輝,1   年 前,3,沒 有 以 前 好 吃 了  越 來 越 退 步,1
515,A l l e n   L i n,2   年 前,2,普 普 通 通  外 出 人 吃 個 不 會 餓 。,1
516,p o t t e r   L,5   年 前,4,好 吃  麵 軟 湯 清  人 很 多  生 意 很 好  推 推 !,1
517,宇 3 8 7 5 1 5,4   年 前,4,難 得 好 滋 味 ! 餃 子 是 最 好 吃 的 。,1
518,j u n - c h e   j i a n g    l a k e ,3   年 前,4,好 吃 又 不 貴   北 漂 人 的 好 廚 房,1
519,昀 蓉,3   年 前,4,上 菜 速 度 快  餐 點 還 不 錯 。,1
520,K y o t o   S a n a d a,5   年 前,4,終 於 在 台 灣 吃 到 酥 脆 外 皮 鍋 貼   讚,1
521,鄭 怡 柔,6   年 前,1,服 務 態 度 不 佳   還 沒 吃 完 就 被 收 走 餐 盤,1
522,W e i - L i n   C h e n,2   年 前,4,就 一 般 店  肚 子 餓 解 餓 還 行 。,1
523,J e n n i f e r   Z h a n g,3   年 前,4,很 喜 歡 的 店   座 位 舒 服   食 物 也 好 吃,1
524,郭 清 輝,1   年 前,3,沒 有 以 前 好 吃 了  越 來 越 退 步,1
525,A l l e n   L i n,2   年 前,2,普 普 通 通  外 出 人 吃 個 不 會 餓 。,1
526,p o t t e r   L,5   年 前,4,好 吃  麵 軟 湯 清  人 很 多  生 意 很 好  推 推 !,1
527,宇 3 8 7 5 1 5,4   年 前,4,難 得 好 滋 味 ! 餃 子 是 最 好 吃 的 。,1
528,j u n - c h e   j i a n g    l a k e ,3   年 前,4,好 吃 又 不 貴   北 漂 人 的 好 廚 房,1
529,昀 蓉,3   年 前,4,上 菜 速 度 快  餐 點 還 不 錯 。,1
530,勝 美 堅,3   年 前,4,玉 米 湯   乾 麵   超 好 吃 好 喝 。,1
531,H o z y   H u a n g,5   年 前,5,說 我 吃 過 最 好 吃 的 麻 醬 麵,1
532,郭 倫 薪,3   年 前,5,炸 醬 麵 很 好 吃  麵 很 柔 和 醬 很 香,1
533,S i r i u s,3   年 前,5,點 了 炸 醬 麵  麵 條 很 好 吃 。,1
534,木 木 木 告,5   年 前,5,超 愛 他 們 的 鍋 貼 跟 餛 飩 湯,1
535,H s y   Y a o,1   年 前,5,鍋 貼 煎 的 焦 香 酥 脆 很 棒,1
536,徐 翊 喬,3   年 前,2,份 量 少    又 沒 多 好 吃,1
537,L e s l e y,2   年 前,1,手 指 會 碰 到 湯 的 那 種 ～,1
538,J E F F   L I U,2   年 前,3,出 餐 速 度 快  餐 點 選 擇 多 ！,1
539,L i a n g   L i,6   年 前,2,點 單 流 程 動 線 混 亂  需 要 耐 心 等 候,1
540,勝 美 堅,3   年 前,4,玉 米 湯   乾 麵   超 好 吃 好 喝 。,1
541,H o z y   H u a n g,5   年 前,5,說 我 吃 過 最 好 吃 的 麻 醬 麵,1
542,郭 倫 薪,3   年 前,5,炸 醬 麵 很 好 吃  麵 很 柔 和 醬 很 香,1
543,S i r i u s,3   年 前,5,點 了 炸 醬 麵  麵 條 很 好 吃 。,1
544,木 木 木 告,5   年 前,5,超 愛 他 們 的 鍋 貼 跟 餛 飩 湯,1
545,H s y   Y a o,1   年 前,5,鍋 貼 煎 的 焦 香 酥 脆 很 棒,1
546,徐 翊 喬,3   年 前,2,份 量 少    又 沒 多 好 吃,1
547,L e s l e y,2   年 前,1,手 指 會 碰 到 湯 的 那 種 ～,1
548,J E F F   L I U,2   年 前,3,出 餐 速 度 快  餐 點 選 擇 多 ！,1
549,L i a n g   L i,6   年 前,2,點 單 流 程 動 線 混 亂  需 要 耐 心 等 候,1
550,W u   H a n k,4   年 前,5,手 藝 佳  麵 食 餃 類 都 好 吃,1
551,0 5 2 _ 4,5   年 前,4,看 表 演 時 可 以 來 填 飽 肚 子 ～,1
552,開 心 的 魚,4   年 前,4,平 價 小 吃  餐 廳 環 境 不 錯,1
553,B r a n d o n,3   年 前,3,水 餃 餡 很 空 虛  像 在 吃 素 菜 餃,1
554,J u H u n g   H s i a o,6   年 前,1,服 務 態 度 很 差  東 西 普 通  不 會 想 再 訪,1
555,C h i a i   L i n,4   年 前,4,看 似 不 起 眼  但 還 滿 好 吃 的 。,1
556,S H I H F E N G   C H U,4   年 前,4,喜 歡 吃 他 的 高 麗 菜 水 餃  和 酢 醬 麵,1
557,H a n k   W a n g,8   個 月 前,4,鍋 貼 皮 好 吃,1
558,G r a c e,2   年 前,4,麵 Q 好 吃,1
559,吳 江 海,4   年 前,4,鍋 貼 很 酥 脆 好 吃 ！,1
560,W u   H a n k,4   年 前,5,手 藝 佳  麵 食 餃 類 都 好 吃,1
561,0 5 2 _ 4,5   年 前,4,看 表 演 時 可 以 來 填 飽 肚 子 ～,1
562,開 心 的 魚,4   年 前,4,平 價 小 吃  餐 廳 環 境 不 錯,1
563,B r a n d o n,3   年 前,3,水 餃 餡 很 空 虛  像 在 吃 素 菜 餃,1
564,J u H u n g   H s i a o,6   年 前,1,服 務 態 度 很 差  東 西 普 通  不 會 想 再 訪,1
565,C h i a i   L i n,4   年 前,4,看 似 不 起 眼  但 還 滿 好 吃 的 。,1
566,S H I H F E N G   C H U,4   年 前,4,喜 歡 吃 他 的 高 麗 菜 水 餃  和 酢 醬 麵,1
567,H a n k   W a n g,8   個 月 前,4,鍋 貼 皮 好 吃,1
568,G r a c e,2   年 前,4,麵 Q 好 吃,1
569,吳 江 海,4   年 前,4,鍋 貼 很 酥 脆 好 吃 ！,1
570,K e l v i n   H s u,5   年 前,4,不 錯,1
571,隱 匿 的 飛 俠,4   年 前,3,還 可 以   餐 點 內 容 多 元,1
572,古 意 人,1   年 前,4,種 類 多  味 道 不 錯,1
573,l e m o n,4   年 前,5,喜 歡 蕃 茄 麵 跟 水 餃 ❤,1
574,李 美 容,4   年 前,5,油 煙 偏 重   鍋 貼 好 吃,1
575,E v a   L i u,3   年 前,4,水 餃 鍋 貼 很 讚 ！,1
576,C Y   W a n g,6   年 前,3,是 上 班 族 午 餐 的 好 選 擇,1
577,e l t o n   l e e,4   年 前,4,東 西 好 吃 價 格 合 理 ！,1
578,侯 瞬 仁,5   年 前,3,味 道 不 差 但 份 量 略 小,1
579,s h e r y l   t s a i,4   年 前,4,水 餃 跟 麵 還 不 錯,1
580,K e l v i n   H s u,5   年 前,4,不 錯,1
581,隱 匿 的 飛 俠,4   年 前,3,還 可 以   餐 點 內 容 多 元,1
582,古 意 人,1   年 前,4,種 類 多  味 道 不 錯,1
583,l e m o n,4   年 前,5,喜 歡 蕃 茄 麵 跟 水 餃 ❤,1
584,李 美 容,4   年 前,5,油 煙 偏 重   鍋 貼 好 吃,1
585,E v a   L i u,3   年 前,4,水 餃 鍋 貼 很 讚 ！,1
586,C Y   W a n g,6   年 前,3,是 上 班 族 午 餐 的 好 選 擇,1
587,e l t o n   l e e,4   年 前,4,東 西 好 吃 價 格 合 理 ！,1
588,侯 瞬 仁,5   年 前,3,味 道 不 差 但 份 量 略 小,1
589,s h e r y l   t s a i,4   年 前,4,水 餃 跟 麵 還 不 錯,1
590,瓜 瓜 瓜 瓜 瓜  瓜 瓜 ,1   年 前,4,鍋 貼 口 味 多,1
591,張 大 頭,1 0   個 月 前,3,鍋 貼 不 錯,1
592,黃 羚 洋,4   年 前,3,g o o d  吃 個 小 吃 o k,1
593,R a y m o n d   L i n,4   年 前,1,亂 送 餐   服 務 態 度 不 佳,1
594,烈 火 玫 瑰,5   個 月 前,5,好 吃 😋,1
595,R e m y   l,2   年 前,5,辣 味 鍋 貼 推 爆,1
596,P e i,3   年 前,2,味 道 普 通   價 格 偏 高,1
597,k a i   W u,4   年 前,1,麵 根 本 沒 煮 開,1
598,B a n g i   C h a n g,2   年 前,5,好 吃  合 口 味 ~,1
599,C h a s e   W,8   個 月 前,1,態 度 超 差,1
600,瓜 瓜 瓜 瓜 瓜  瓜 瓜 ,1   年 前,4,鍋 貼 口 味 多,1
601,張 大 頭,1 0   個 月 前,3,鍋 貼 不 錯,1
602,黃 羚 洋,4   年 前,3,g o o d  吃 個 小 吃 o k,1
603,R a y m o n d   L i n,4   年 前,1,亂 送 餐   服 務 態 度 不 佳,1
604,烈 火 玫 瑰,5   個 月 前,5,好 吃 😋,1
605,R e m y   l,2   年 前,5,辣 味 鍋 貼 推 爆,1
606,P e i,3   年 前,2,味 道 普 通   價 格 偏 高,1
607,k a i   W u,4   年 前,1,麵 根 本 沒 煮 開,1
608,B a n g i   C h a n g,2   年 前,5,好 吃  合 口 味 ~,1
609,C h a s e   W,8   個 月 前,1,態 度 超 差,1
610,巫 建 賢,3   年 前,4,韭 黃 鍋 貼 好 吃,1
611,J   r a d e e l,4   年 前,2,速 度 慢 到 掉 渣   永 生 難 忘,1
612,B a n s o n,7   個 月 前,5,平 價 美 味,1
613,Y u a n   C,4   年 前,2,來 吃 一 次 就 夠 了,1
614,c d   c,4   年 前,4,好 吃  老 闆 親 切 。,1
615,K H   Y e h,2   年 前,4,麵 條 類 還 可 以,1
616,知 秋 一 葉,6   個 月 前,4,不 錯 吃,1
617,瑋,3   年 前,5,鍋 貼 還 不 錯,1
618,陳 雨 凡,5   年 前,4,服 務 很 好   環 境 很 優,1
619,B a p t i s t e   F,4   年 前,5,T a s t y   h o m e m a d e   j i a o z i . 太 好 吃 了 !,1
620,巫 建 賢,3   年 前,4,韭 黃 鍋 貼 好 吃,1
621,J   r a d e e l,4   年 前,2,速 度 慢 到 掉 渣   永 生 難 忘,1
622,B a n s o n,7   個 月 前,5,平 價 美 味,1
623,Y u a n   C,4   年 前,2,來 吃 一 次 就 夠 了,1
624,c d   c,4   年 前,4,好 吃  老 闆 親 切 。,1
625,K H   Y e h,2   年 前,4,麵 條 類 還 可 以,1
626,知 秋 一 葉,6   個 月 前,4,不 錯 吃,1
627,瑋,3   年 前,5,鍋 貼 還 不 錯,1
628,陳 雨 凡,5   年 前,4,服 務 很 好   環 境 很 優,1
629,B a p t i s t e   F,4   年 前,5,T a s t y   h o m e m a d e   j i a o z i . 太 好 吃 了 !,1
630,李 美 玲,4   年 前,3,鍋 貼 還 不 金 星,1
631,曾 志 中,3   年 前,3,蛋 黃 區 的 平 價 餐 館 。,1
632,C a r a m e l   C a r o l,2   年 前,5,好 吃,1
633,游 曉 貞,4   年 前,3,還 可 以,1
634,C h i n,4   年 前,4,鍋 貼 好 吃 ！,1
635,y   Y,5   年 前,1,店 里 有 怪 味,1
636,小 姐 H e l e n,4   年 前,4,平 價 好 吃 。,1
637,P E I   C H I   P A N,2   年 前,4,中 規 中 矩,1
638,Y .   A .,6   年 前,4,還 不 錯 吃,1
639,M i c h a e l   【 マ イ ケ ル 】,4   年 前,3,鍋 貼 不 錯,1
640,李 美 玲,4   年 前,3,鍋 貼 還 不 金 星,1
641,曾 志 中,3   年 前,3,蛋 黃 區 的 平 價 餐 館 。,1
642,C a r a m e l   C a r o l,2   年 前,5,好 吃,1
643,游 曉 貞,4   年 前,3,還 可 以,1
644,C h i n,4   年 前,4,鍋 貼 好 吃 ！,1
645,y   Y,5   年 前,1,店 里 有 怪 味,1
646,小 姐 H e l e n,4   年 前,4,平 價 好 吃 。,1
647,P E I   C H I   P A N,2   年 前,4,中 規 中 矩,1
648,Y .   A .,6   年 前,4,還 不 錯 吃,1
649,M i c h a e l   【 マ イ ケ ル 】,4   年 前,3,鍋 貼 不 錯,1
650,M e l l i v o r a   T s e n g,4   年 前,5,比 隔 壁 好 吃,1
651,T e r r y   l e e,2   年 前,4,勉 強 可 以 吃,1
652,王 莒 德,5   年 前,3,好 👌,1
653,H o n g a n n   W e n,3   年 前,5,有 古 早 味,1
654,鄧 博 駿,1 1   個 月 前,5,水 餃 好 吃,1
655,S h i h   C h r i s t i n e,4   年 前,5,麵 點 好 吃,1
656,A . J .   H u a n g,4   年 前,5,豆 漿 好 喝,1
657,李 東 隆 2,4   年 前,4,超 級 好 吃,1
658,張 國 松,5   年 前,2,湯 很 酸,1
659,楊 士 儀,5   年 前,3,尚 可,1
660,M e l l i v o r a   T s e n g,4   年 前,5,比 隔 壁 好 吃,1
661,T e r r y   l e e,2   年 前,4,勉 強 可 以 吃,1
662,王 莒 德,5   年 前,3,好 👌,1
663,H o n g a n n   W e n,3   年 前,5,有 古 早 味,1
664,鄧 博 駿,1 1   個 月 前,5,水 餃 好 吃,1
665,S h i h   C h r i s t i n e,4   年 前,5,麵 點 好 吃,1
666,A . J .   H u a n g,4   年 前,5,豆 漿 好 喝,1
667,李 東 隆 2,4   年 前,4,超 級 好 吃,1
668,張 國 松,5   年 前,2,湯 很 酸,1
669,楊 士 儀,5   年 前,3,尚 可,1
670,J J,2   年 前,1,難 吃,1
671,黃 正 煌,3   年 前,3,\\ 炒 手 好 吃,1
672,I r e n e   S h i h,5   年 前,4,東 西 不 錯 吃,1
673,高 輔 成,6   年 前,4,便 宜 好 吃,1
674,陸 思 慧,2   年 前,5,鍋 貼 好 吃,1
675,陳 永 明  E a g l e ,3   年 前,3,還 可 以,1
676,鄭 J o h n s o n,4   年 前,4,不 錯 吃,1
677,K e n n y   L i n,3   年 前,4,還 不 錯,1
678,W e i   H s i a n g   H o u n g,3   年 前,2,回 鍋 貼,1
679,吳 珂 珂,4   年 前,1,普 通,1
680,J J,2   年 前,1,難 吃,1
681,黃 正 煌,3   年 前,3,\\ 炒 手 好 吃,1
682,I r e n e   S h i h,5   年 前,4,東 西 不 錯 吃,1
683,高 輔 成,6   年 前,4,便 宜 好 吃,1
684,陸 思 慧,2   年 前,5,鍋 貼 好 吃,1
685,陳 永 明  E a g l e ,3   年 前,3,還 可 以,1
686,鄭 J o h n s o n,4   年 前,4,不 錯 吃,1
687,K e n n y   L i n,3   年 前,4,還 不 錯,1
688,W e i   H s i a n g   H o u n g,3   年 前,2,回 鍋 貼,1
689,吳 珂 珂,4   年 前,1,普 通,1
690,P e t e r   L i a o,6   年 前,1,不 推 薦,1
691,藍 紫,3   年 前,4,不 錯,1
692,C h e n C h i h   L a i,5   年 前,3,備 選 名 單,1
693,陳 衍 廷,3   年 前,1,鍋 貼 少 給,1
694,陳 小 綠,6   年 前,3,經 濟 實 惠,1
695,E l v i s   H s i n - H u i   W u,5   年 前,5,煎 餃 好 吃,1
696,J o s h   L i a o,4   年 前,3,一 般 般,1
697,L u   C h i a - n i n g,6   年 前,3,口 味 尚 可,1
698,楊 禾 云,4   年 前,5,好 吃,1
699,B o b b y   L i u    M o n s t e r ,5   年 前,4,水 餃 不 錯,1
700,P e t e r   L i a o,6   年 前,1,不 推 薦,1
701,藍 紫,3   年 前,4,不 錯,1
702,C h e n C h i h   L a i,5   年 前,3,備 選 名 單,1
703,陳 衍 廷,3   年 前,1,鍋 貼 少 給,1
704,陳 小 綠,6   年 前,3,經 濟 實 惠,1
705,E l v i s   H s i n - H u i   W u,5   年 前,5,煎 餃 好 吃,1
706,J o s h   L i a o,4   年 前,3,一 般 般,1
707,L u   C h i a - n i n g,6   年 前,3,口 味 尚 可,1
708,楊 禾 云,4   年 前,5,好 吃,1
709,B o b b y   L i u    M o n s t e r ,5   年 前,4,水 餃 不 錯,1
710,陳 威 禎 大 安 區 民 輝 里 長,3   年 前,4,平 價 好 吃,1
711,廖 勝 裕,6   年 前,4,好 吃,1
712,A i l e e n   L i u,4   年 前,4,😁 😃 😄,1
713,F e n g s h i h   W u,3   年 前,5,推 煎 餃,1
714,黃 詩 尹,3   年 前,4,美 味 可 口,1
715,宋 立 仁,2   年 前,3,麵 食 館,1
716,陳 柏 廷,4   年 前,4,好 吃 平 價,1
717,W e n   C .,6   年 前,3,還 可 以,1
718,T r i c i a   T s e n g,4   年 前,5,鍋 貼 好 吃,1
719,A l v i n   H u a n g,4   年 前,4,不 錯 吃,1
720,陳 威 禎 大 安 區 民 輝 里 長,3   年 前,4,平 價 好 吃,1
721,廖 勝 裕,6   年 前,4,好 吃,1
722,A i l e e n   L i u,4   年 前,4,😁 😃 😄,1
723,F e n g s h i h   W u,3   年 前,5,推 煎 餃,1
724,黃 詩 尹,3   年 前,4,美 味 可 口,1
725,宋 立 仁,2   年 前,3,麵 食 館,1
726,陳 柏 廷,4   年 前,4,好 吃 平 價,1
727,W e n   C .,6   年 前,3,還 可 以,1
728,T r i c i a   T s e n g,4   年 前,5,鍋 貼 好 吃,1
729,A l v i n   H u a n g,4   年 前,4,不 錯 吃,1
730,H s i a n g,4   年 前,4,不 錯 啊,1
731,M I N C H I E N   L U,5   年 前,4,不 錯,1
732,D a n i e l   W a n g,2   個 月 前,5,N i c e   f o o d   a n d   g o o d   t a s t e   S h a l l   t r y   s o m e t h i n g   e l s e   n e x t   t i m e,1
733,R i c h a r d   W e s t,4   年 前,4,Q u i c k   a n d   e a s y   n o o d l e   p l a c e .   T h e y   h a v e   a n   E n g l i s h   m e n u   w i t h   p i c t u r e s   i f   y o u   a s k .  R e a s o n a b l e   p r i c e s   t o o  $ 8 0   f o r   d r y   n o o d l e s    $ 1 8 0   f o r   a   g o o d   B e e f   N o o d l e   S o u p,1
734,T   S,3   年 前,3,と な り の 餃 子 屋 が い っ ぱ い な の で よ く 利 用 す る 。 昼 食 だ け な の で ま あ 問 題 な い 。,1
735,U l a ş   D o ğ a n,5   年 前,4,A   b i t   o i l y   b u t   t a s t y,1
736,D w i g h t   J e o n g    U p   E n g l i s h ,5   年 前,5,맛 나 요  야 채 만 두   강 추  밥 은   위 에   만 두 소   볶 아 서   올 려 줘 서   레 알   밥 도 둑 !,1
737,R i c h a r d   G u i l b e a u l t,3   年 前,4,D e c e n t   d u m p l i n g s   a n d   e n j o y a b l e   n o o d l e s .   I   w o u l d   g o   a g a i n .,1
738,M e l o d y   H u a n g,2   年 前,3,N o n e,1
739,H y u n g - i l   C h a i,7   個 月 前,5,g o o d !,1
740,H s i a n g,4   年 前,4,不 錯 啊,1
741,M I N C H I E N   L U,5   年 前,4,不 錯,1
742,D a n i e l   W a n g,2   個 月 前,5,N i c e   f o o d   a n d   g o o d   t a s t e   S h a l l   t r y   s o m e t h i n g   e l s e   n e x t   t i m e,1
743,R i c h a r d   W e s t,4   年 前,4,Q u i c k   a n d   e a s y   n o o d l e   p l a c e .   T h e y   h a v e   a n   E n g l i s h   m e n u   w i t h   p i c t u r e s   i f   y o u   a s k .  R e a s o n a b l e   p r i c e s   t o o  $ 8 0   f o r   d r y   n o o d l e s    $ 1 8 0   f o r   a   g o o d   B e e f   N o o d l e   S o u p,1
744,T   S,3   年 前,3,と な り の 餃 子 屋 が い っ ぱ い な の で よ く 利 用 す る 。 昼 食 だ け な の で ま あ 問 題 な い 。,1
745,U l a ş   D o ğ a n,5   年 前,4,A   b i t   o i l y   b u t   t a s t y,1
746,D w i g h t   J e o n g    U p   E n g l i s h ,5   年 前,5,맛 나 요  야 채 만 두   강 추  밥 은   위 에   만 두 소   볶 아 서   올 려 줘 서   레 알   밥 도 둑 !,1
747,R i c h a r d   G u i l b e a u l t,3   年 前,4,D e c e n t   d u m p l i n g s   a n d   e n j o y a b l e   n o o d l e s .   I   w o u l d   g o   a g a i n .,1
748,M e l o d y   H u a n g,2   年 前,3,N o n e,0
749,H y u n g - i l   C h a i,7   個 月 前,5,g o o d !,0
750,D a v i d   L i n,2   年 前,4,N o n e,0
751,I v a n   L i u,4   年 前,3,G o o d   f o o d    l e s s   p l e a s a n t   e n v i r o n m e n t .,0
752,J e n n y   T s a i,2   年 前,5,N o n e,0
753,D A V I D,3   年 前,4,N o n e,0
754,鍾 芷 涵,3   年 前,1,N o n e,0
755,D e a r   M r .,6   年 前,4,N o n e,0
756,M a n d y   C h e n,4   個 月 前,4,N o n e,0
757,柔,5   年 前,5,N o n e,0
758,黃 瀞 瑩,5   個 月 前,5,N o n e,0
759,白 嫈 嫈,7   個 月 前,4,N o n e,0
760,D a v i d   L i n,2   年 前,4,N o n e,0
761,I v a n   L i u,4   年 前,3,G o o d   f o o d    l e s s   p l e a s a n t   e n v i r o n m e n t .,0
762,J e n n y   T s a i,2   年 前,5,N o n e,0
763,D A V I D,3   年 前,4,N o n e,0
764,鍾 芷 涵,3   年 前,1,N o n e,0
765,D e a r   M r .,6   年 前,4,N o n e,0
766,M a n d y   C h e n,4   個 月 前,4,N o n e,0
767,柔,5   年 前,5,N o n e,0
768,黃 瀞 瑩,5   個 月 前,5,N o n e,0
769,白 嫈 嫈,7   個 月 前,4,N o n e,0
770,吳 泓 諭,8   個 月 前,4,N o n e,0
771,王 如 淳,9   個 月 前,5,N o n e,0
772,j o n g   j i a n g,4   年 前,5,g r e a t   d u m p l i n g   a n d   n o o d l e s,0
773,楓,1 0   個 月 前,3,N o n e,0
774,F C   T s a i,3   年 前,5,G r e a t   d u m p l i n g s !,0
775,K e n   H u n a g,5   年 前,3,g o o d,0
776,P e t e r   Y a n g,1   年 前,5,N o n e,0
777,陳 均 庭,1   年 前,4,N o n e,0
778,요 사 영,1   年 前,5,N o n e,0
779,B e n s o n   C h i,1   年 前,3,N o n e,0
780,吳 泓 諭,8   個 月 前,4,N o n e,0
781,王 如 淳,9   個 月 前,5,N o n e,0
782,j o n g   j i a n g,4   年 前,5,g r e a t   d u m p l i n g   a n d   n o o d l e s,0
783,楓,1 0   個 月 前,3,N o n e,0
784,F C   T s a i,3   年 前,5,G r e a t   d u m p l i n g s !,0
785,K e n   H u n a g,5   年 前,3,g o o d,0
786,P e t e r   Y a n g,1   年 前,5,N o n e,0
787,陳 均 庭,1   年 前,4,N o n e,0
788,요 사 영,1   年 前,5,N o n e,0
789,B e n s o n   C h i,1   年 前,3,N o n e,0
790,陳 竟 瑜,1   年 前,3,N o n e,0
791,高 心 婷,4   年 前,4,N o n e,0
792,A v a i   e   Y a s i u n g u,3   年 前,4,N o n e,0
793,c . c   l e e,6   年 前,4,N o n e,0
794,陸 定 遠,2   年 前,5,N o n e,0
795,張 煒 崧,3   年 前,5,N o n e,0
796,M e r l i n   L e e,4   年 前,5,N o n e,0
797,S a n - Y u a n   C h e n,1   年 前,5,N o n e,0
798,L i n   Y u n - C h u n g,6   年 前,4,N o n e,0
799,p o n g o,4   年 前,5,N o n e,0
800,陳 竟 瑜,1   年 前,3,N o n e,0
801,高 心 婷,4   年 前,4,N o n e,0
802,A v a i   e   Y a s i u n g u,3   年 前,4,N o n e,0
803,c . c   l e e,6   年 前,4,N o n e,0
804,陸 定 遠,2   年 前,5,N o n e,0
805,張 煒 崧,3   年 前,5,N o n e,0
806,M e r l i n   L e e,4   年 前,5,N o n e,0
807,S a n - Y u a n   C h e n,1   年 前,5,N o n e,0
808,L i n   Y u n - C h u n g,6   年 前,4,N o n e,0
809,p o n g o,4   年 前,5,N o n e,0
810,沈 楌 宸,4   年 前,3,N o n e,0
811,J a y s o n   P a n,3   年 前,5,N o n e,0
812,G a r y   C h u e h,4   年 前,4,N o n e,0
813,e c o   g o t o,1   年 前,3,N o n e,0
814,湯 匙,3   個 月 前,4,N o n e,0
815,七 分 鐘 熱 度,3   年 前,5,N o n e,0
816,H a n n a h   C h i u,3   年 前,3,N o n e,0
817,J i e   P e n g,3   年 前,5,N o n e,0
818,D a n i e l   H s u,4   年 前,5,N o n e,0
819,f l y   t s a i    f l y t s a i ,4   年 前,3,N o n e,0
820,沈 楌 宸,4   年 前,3,N o n e,0
821,J a y s o n   P a n,3   年 前,5,N o n e,0
822,G a r y   C h u e h,4   年 前,4,N o n e,0
823,e c o   g o t o,1   年 前,3,N o n e,0
824,湯 匙,3   個 月 前,4,N o n e,0
825,七 分 鐘 熱 度,3   年 前,5,N o n e,0
826,H a n n a h   C h i u,3   年 前,3,N o n e,0
827,J i e   P e n g,3   年 前,5,N o n e,0
828,D a n i e l   H s u,4   年 前,5,N o n e,0
829,f l y   t s a i    f l y t s a i ,4   年 前,3,N o n e,0
830,王 恒,5   個 月 前,2,N o n e,0
831,許 安 東,5   個 月 前,3,N o n e,0
832,賴 瑞,4   年 前,4,N o n e,0
833,盧 佳 佳,3   年 前,5,N o n e,0
834,湯 志 傑,4   年 前,3,N o n e,0
835,C o d y   L u,1   年 前,5,N o n e,0
836,祝 筱 君,3   年 前,4,N o n e,0
837,W a y n e   C h a o,6   年 前,3,N o n e,0
838,陳 鐘 炮,6   年 前,4,N o n e,0
839,T a k u t o   K i r a    S a m ,4   年 前,5,N o n e,0
840,王 恒,5   個 月 前,2,N o n e,0
841,許 安 東,5   個 月 前,3,N o n e,0
842,賴 瑞,4   年 前,4,N o n e,0
843,盧 佳 佳,3   年 前,5,N o n e,0
844,湯 志 傑,4   年 前,3,N o n e,0
845,C o d y   L u,1   年 前,5,N o n e,0
846,祝 筱 君,3   年 前,4,N o n e,0
847,W a y n e   C h a o,6   年 前,3,N o n e,0
848,陳 鐘 炮,6   年 前,4,N o n e,0
849,T a k u t o   K i r a    S a m ,4   年 前,5,N o n e,0
850,J e n r o n g   H u a n g    A r o n g ,4   年 前,5,N o n e,0
851,p e i   c h i   L i n,1   年 前,1,N o n e,0
852,L o u i s   H s i e h,4   年 前,3,N o n e,0
853,T i f f a n y   Y a n g,4   年 前,4,N o n e,0
854,江 彊,3   年 前,3,N o n e,0
855,T h r e e   T w o   Y i n g,5   年 前,5,N o n e,0
856,鄭 因 妙,3   年 前,5,N o n e,0
857,S a r a   H s i e h,4   年 前,3,N o n e,0
858,T e s s a   H e n d e r s h o t t,3   年 前,5,N o n e,0
859,施 泓 寬,5   年 前,5,N o n e,0
860,J e n r o n g   H u a n g    A r o n g ,4   年 前,5,N o n e,0
861,p e i   c h i   L i n,1   年 前,1,N o n e,0
862,L o u i s   H s i e h,4   年 前,3,N o n e,0
863,T i f f a n y   Y a n g,4   年 前,4,N o n e,0
864,江 彊,3   年 前,3,N o n e,0
865,T h r e e   T w o   Y i n g,5   年 前,5,N o n e,0
866,鄭 因 妙,3   年 前,5,N o n e,0
867,S a r a   H s i e h,4   年 前,3,N o n e,0
868,T e s s a   H e n d e r s h o t t,3   年 前,5,N o n e,0
869,施 泓 寬,5   年 前,5,N o n e,0
870,Y u - D a i   T s e n g,4   年 前,4,N o n e,0
871,V e r n a   L i n,3   年 前,3,N o n e,0
872,P A U L   T u,1   年 前,3,N o n e,0
873,郭 佳 霖,4   年 前,5,N o n e,0
874,李 建 梅,2   年 前,5,N o n e,0
875,楊 小 明,4   年 前,3,N o n e,0
876,R i d l e y   d e   T a i p e i,4   年 前,4,N o n e,0
877,p a r d s o n   c h a n,5   年 前,4,N o n e,0
878,s a m m i e   l i a o,2   年 前,4,N o n e,0
879,日 本 山 太 郎,3   年 前,5,N o n e,0
880,Y u - D a i   T s e n g,4   年 前,4,N o n e,0
881,V e r n a   L i n,3   年 前,3,N o n e,0
882,P A U L   T u,1   年 前,3,N o n e,0
883,郭 佳 霖,4   年 前,5,N o n e,0
884,李 建 梅,2   年 前,5,N o n e,0
885,楊 小 明,4   年 前,3,N o n e,0
886,R i d l e y   d e   T a i p e i,4   年 前,4,N o n e,0
887,p a r d s o n   c h a n,5   年 前,4,N o n e,0
888,s a m m i e   l i a o,2   年 前,4,N o n e,0
889,日 本 山 太 郎,3   年 前,5,N o n e,0
890,葉 繼 孔,1   年 前,5,N o n e,0
891,P i n - h s i a n g   T s e n g,1 0   個 月 前,3,N o n e,0
892,阿 布  小 達 ,5   年 前,3,N o n e,0
893,昀 昀,4   年 前,3,N o n e,0
894,李 晉 成,4   年 前,4,N o n e,0
895,C a r o l   W u,5   年 前,4,N o n e,0
896,Y   C,2   年 前,3,N o n e,0
897,吳 弘 文,4   年 前,3,N o n e,0
898,T o m   T a n g,4   年 前,4,N o n e,0
899,A l v i n   Y u,4   年 前,2,N o n e,0
900,葉 繼 孔,1   年 前,5,N o n e,0
901,P i n - h s i a n g   T s e n g,1 0   個 月 前,3,N o n e,0
902,阿 布  小 達 ,5   年 前,3,N o n e,0
903,昀 昀,4   年 前,3,N o n e,0
904,李 晉 成,4   年 前,4,N o n e,0
905,C a r o l   W u,5   年 前,4,N o n e,0
906,Y   C,2   年 前,3,N o n e,0
907,吳 弘 文,4   年 前,3,N o n e,0
908,T o m   T a n g,4   年 前,4,N o n e,0
909,A l v i n   Y u,4   年 前,2,N o n e,0
910,W o r l d   F a l s e,2   個 月 前,3,N o n e,0
911,W i t z   Y u,4   年 前,4,N o n e,0
912,A n d r e w   H s u,1 1   小 時 前,5,N o n e,0
913,J a s o n   C h e n,5   年 前,3,N o n e,0
914,李 雄,3   年 前,4,N o n e,0
915,鐘 振 哲,3   週 前,2,N o n e,0
916,章 先 生,2   年 前,5,N o n e,0
917,1 楊,1   年 前,5,N o n e,0
918,廖 聰 明,5   年 前,3,N o n e,0
919,洪 彤 彤,1   年 前,3,N o n e,0
920,W o r l d   F a l s e,2   個 月 前,3,N o n e,0
921,W i t z   Y u,4   年 前,4,N o n e,0
922,A n d r e w   H s u,1 1   小 時 前,5,N o n e,0
923,J a s o n   C h e n,5   年 前,3,N o n e,0
924,李 雄,3   年 前,4,N o n e,0
925,鐘 振 哲,3   週 前,2,N o n e,0
926,章 先 生,2   年 前,5,N o n e,0
927,1 楊,1   年 前,5,N o n e,0
928,廖 聰 明,5   年 前,3,N o n e,0
929,洪 彤 彤,1   年 前,3,N o n e,0
930,廖 婉 廷,2   年 前,4,N o n e,0
931,黃 芑 榕,2   年 前,5,N o n e,0
932,陳 伯 儀 D a v i d   C h e n,4   年 前,5,N o n e,0
933,U   Y o,3   年 前,5,N o n e,0
934,L i n d a   C h i,4   年 前,4,N o n e,0
935,S t e v e n   W a n g,5   年 前,3,N o n e,0
936,嚴 升 宏,4   年 前,5,N o n e,0
937,呂 國 鈺,4   年 前,3,N o n e,0
938,D a v i d   W u,3   年 前,3,N o n e,0
939,林 君 諺,3   年 前,1,N o n e,0
940,廖 婉 廷,2   年 前,4,N o n e,0
941,黃 芑 榕,2   年 前,5,N o n e,0
942,陳 伯 儀 D a v i d   C h e n,4   年 前,5,N o n e,0
943,U   Y o,3   年 前,5,N o n e,0
944,L i n d a   C h i,4   年 前,4,N o n e,0
945,S t e v e n   W a n g,5   年 前,3,N o n e,0
946,嚴 升 宏,4   年 前,5,N o n e,0
947,呂 國 鈺,4   年 前,3,N o n e,0
948,D a v i d   W u,3   年 前,3,N o n e,0
949,林 君 諺,3   年 前,1,N o n e,0
950,C h i h - H a o   T a,4   年 前,4,N o n e,0
951,陳 俊 文,5   年 前,4,N o n e,0
952,黃 秋 凌 元 方 聯 合 會 計 師 事 務 所   /   凌 群 策 略 財 務 顧 問 有 限 公 司,3   年 前,5,N o n e,0
953,J a s o n   L i u,2   年 前,3,N o n e,0
954,熊 汶 銨 的 水 水 D,3   年 前,1,N o n e,0
955,S h e n g   Y i n   C h e n,6   年 前,5,N o n e,0
956,a d a   c a n a s,3   年 前,5,N o n e,0
957,林 旺 來,4   年 前,1,N o n e,0
958,J i a n L i n   H u a n g,3   年 前,4,N o n e,0
959,T e s s   L,1   年 前,4,N o n e,0
960,C h i h - H a o   T a,4   年 前,4,N o n e,0
961,陳 俊 文,5   年 前,4,N o n e,0
962,黃 秋 凌 元 方 聯 合 會 計 師 事 務 所   /   凌 群 策 略 財 務 顧 問 有 限 公 司,3   年 前,5,N o n e,0
963,J a s o n   L i u,2   年 前,3,N o n e,0
964,熊 汶 銨 的 水 水 D,3   年 前,1,N o n e,0
965,S h e n g   Y i n   C h e n,6   年 前,5,N o n e,0
966,a d a   c a n a s,3   年 前,5,N o n e,0
967,林 旺 來,4   年 前,1,N o n e,0
968,J i a n L i n   H u a n g,3   年 前,4,N o n e,0
969,T e s s   L,1   年 前,4,N o n e,0
970,劉 消 冰,5   年 前,5,N o n e,0
971,王 明 仁,4   年 前,3,N o n e,0
972,林 柏 儒,4   年 前,5,N o n e,0
973,X i n Y u   C h a n g,3   年 前,5,N o n e,0
974,J i m m y   L o,5   年 前,3,N o n e,0
975,V i c k y   L i,1   年 前,4,N o n e,0
976,I A N   S U N,4   年 前,4,N o n e,0
977,文 明,1   年 前,4,N o n e,0
978,l i   h e n g,4   年 前,3,N o n e,0
979,顧 正 發,7   個 月 前,5,N o n e,0
980,劉 消 冰,5   年 前,5,N o n e,0
981,王 明 仁,4   年 前,3,N o n e,0
982,林 柏 儒,4   年 前,5,N o n e,0
983,X i n Y u   C h a n g,3   年 前,5,N o n e,0
984,J i m m y   L o,5   年 前,3,N o n e,0
985,V i c k y   L i,1   年 前,4,N o n e,0
986,I A N   S U N,4   年 前,4,N o n e,0
987,文 明,1   年 前,4,N o n e,0
988,l i   h e n g,4   年 前,3,N o n e,0
989,顧 正 發,7   個 月 前,5,N o n e,0
990,梁 景 雄,1 1   個 月 前,5,N o n e,0
991,q s d 2,2   年 前,5,N o n e,0
992,張 庭 偉,5   年 前,4,N o n e,0
993,C H E N G   Z H I   X I A N G,1   年 前,4,N o n e,0
994,方 鳳 生,5   年 前,4,N o n e,0
995,C h r i s t i n e   C h e n,2   年 前,4,N o n e,0
996,湯 其 諺,5   年 前,4,N o n e,0
997,黃 詩 涵,4   年 前,4,N o n e,0
998,Y u i   T i l,4   年 前,1,N o n e,0
999,Y U - W E N   H S U,5   年 前,4,N o n e,0
